geometry_id,geometry_class,shape,body,spacing_um,height_um,h_over_s,diameter_mm,depth_ratio,pattern,coverage_pct,denticle_scale_um,overlap_pct,U_inf_mps,Re_L,Re_D,u_tau_mps,delta_v_um,s_plus,lg_plus,k_plus,Cf_smooth,Cf_textured,Cd_pressure,Cd_total,DR_friction_pct,DR_net_pct,DR_uncertainty_pp,delta_Re_transition,natural_regime,min_feature_um,manufacturability_index,model_confidence
A-V-s50-h25,riblet,v-groove,plate,50.0,25.0,0.5,,,,,,,1.0,6403.46133,,0.08504,918.18522,0.272276,0.136138,0.020421,0.014464,0.014453,0.0,0.014453,0.072206,0.072206,1.5,0.0,laminar,25.0,4.9,low
A-V-s50-h25,riblet,v-groove,sphere,50.0,25.0,0.5,,,,,,,1.0,,2734.277988,0.097016,804.841687,0.31062,0.15531,0.023297,0.011676,0.011677,0.377875,0.389552,0.082375,-0.087783,3.1,0.0,separation-dominated,25.0,4.9,low
A-V-s50-h25,riblet,v-groove,plate,50.0,25.0,0.5,,,,,,,5.0,32017.306652,,0.342095,228.248875,1.095296,0.547648,0.082147,0.009362,0.009335,0.0,0.009335,0.290467,0.290467,1.5,0.0,laminar,25.0,4.9,high
A-V-s50-h25,riblet,v-groove,sphere,50.0,25.0,0.5,,,,,,,5.0,,13671.389941,0.38203,204.389234,1.223156,0.611578,0.091737,0.013046,0.013014,0.42216,0.435175,0.324375,-0.071041,3.1,0.0,separation-dominated,25.0,4.9,high
A-V-s50-h25,riblet,v-groove,plate,50.0,25.0,0.5,,,,,,,10.0,64034.613304,,0.629421,124.0549,2.015237,1.007618,0.151143,0.007923,0.007881,0.0,0.007881,0.534431,0.534431,1.5,0.0,laminar,25.0,4.9,high
A-V-s50-h25,riblet,v-groove,sphere,50.0,25.0,0.5,,,,,,,10.0,,27342.779881,0.697855,111.889674,2.234344,1.117172,0.167576,0.014108,0.014035,0.456493,0.470528,0.592537,-0.05689,3.1,0.0,separation-dominated,25.0,4.9,high
A-V-s50-h25,riblet,v-groove,plate,50.0,25.0,0.5,,,,,,,20.0,128069.226609,,1.16396,67.08374,3.726686,1.863343,0.279501,0.006774,0.006707,0.0,0.006707,0.988299,0.988299,1.5,0.0,laminar-transitional,25.0,4.9,high
A-V-s50-h25,riblet,v-groove,sphere,50.0,25.0,0.5,,,,,,,20.0,,54685.559762,1.282384,60.888753,4.105849,2.052924,0.307939,0.01466,0.014511,0.474341,0.488851,1.088851,-0.037803,3.1,0.0,separation-dominated,25.0,4.9,high
A-V-s50-h25,riblet,v-groove,plate,50.0,25.0,0.5,,,,,,,50.0,320173.066522,,2.641463,29.560421,8.457254,4.228627,0.634294,0.005582,0.005457,0.0,0.005457,2.242822,2.242822,1.5,0.0,laminar-transitional,25.0,4.9,high
A-V-s50-h25,riblet,v-groove,sphere,50.0,25.0,0.5,,,,,,,50.0,,136713.899405,2.889182,27.025911,9.250382,4.625191,0.693779,0.014708,0.014308,0.47427,0.488578,2.453155,0.341218,3.1,0.0,separation-dominated,25.0,4.9,high
A-V-s50-h50,riblet,v-groove,plate,50.0,50.0,1.0,,,,,,,1.0,6403.46133,,0.08504,918.18522,0.272276,0.192528,0.040841,0.014464,0.014449,0.0,0.014449,0.101004,0.101004,1.5,0.0,laminar,50.0,3.6,low
A-V-s50-h50,riblet,v-groove,sphere,50.0,50.0,1.0,,,,,,,1.0,,2734.277988,0.097016,804.841687,0.31062,0.219642,0.046593,0.011676,0.011684,0.378216,0.3899,0.115228,-0.17705,3.1,0.0,separation-dominated,50.0,3.6,low
A-V-s50-h50,riblet,v-groove,plate,50.0,50.0,1.0,,,,,,,5.0,32017.306652,,0.342095,228.248875,1.095296,0.774491,0.164294,0.009362,0.009324,0.0,0.009324,0.406313,0.406313,1.5,0.0,laminar,50.0,3.6,high
A-V-s50-h50,riblet,v-groove,sphere,50.0,50.0,1.0,,,,,,,5.0,,13671.389941,0.38203,204.389234,1.223156,0.864902,0.183473,0.013046,0.013008,0.422501,0.435509,0.453744,-0.147926,3.1,0.0,separation-dominated,50.0,3.6,high
A-V-s50-h50,riblet,v-groove,plate,50.0,50.0,1.0,,,,,,,10.0,64034.613304,,0.629421,124.0549,2.015237,1.424988,0.302286,0.007923,0.007864,0.0,0.007864,0.747576,0.747576,1.5,0.0,laminar,50.0,3.6,high
A-V-s50-h50,riblet,v-groove,sphere,50.0,50.0,1.0,,,,,,,10.0,,27342.779881,0.697855,111.889674,2.234344,1.57992,0.335152,0.014108,0.014012,0.456834,0.470845,0.828856,-0.124381,3.1,0.0,separation-dominated,50.0,3.6,high
A-V-s50-h50,riblet,v-groove,plate,50.0,50.0,1.0,,,,,,,20.0,128069.226609,,1.16396,67.08374,3.726686,2.635165,0.559003,0.006774,0.00668,0.0,0.00668,1.382458,1.382458,1.5,0.0,laminar-transitional,50.0,3.6,high
A-V-s50-h50,riblet,v-groove,sphere,50.0,50.0,1.0,,,,,,,20.0,,54685.559762,1.282384,60.888753,4.105849,2.903273,0.615877,0.01466,0.014456,0.474651,0.489108,1.523113,-0.090307,3.1,0.0,separation-dominated,50.0,3.6,high
A-V-s50-h50,riblet,v-groove,plate,50.0,50.0,1.0,,,,,,,50.0,320173.066522,,2.641463,29.560421,8.457254,5.980182,1.268588,0.005582,0.005407,0.0,0.005407,3.137318,3.137318,1.5,0.0,laminar-transitional,50.0,3.6,high
A-V-s50-h50,riblet,v-groove,sphere,50.0,50.0,1.0,,,,,,,50.0,,136713.899405,2.889182,27.025911,9.250382,6.541008,1.387557,0.014708,0.013963,0.467528,0.481492,3.431538,1.786772,3.1,0.0,separation-dominated,50.0,3.6,high
A-V-s50-h100,riblet,v-groove,plate,50.0,100.0,2.0,,,,,,,1.0,6403.46133,,0.08504,918.18522,0.272276,0.272276,0.081683,0.014464,0.014454,0.0,0.014454,0.066692,0.066692,1.5,0.0,laminar,50.0,3.6,low
A-V-s50-h100,riblet,v-groove,sphere,50.0,100.0,2.0,,,,,,,1.0,,2734.277988,0.097016,804.841687,0.31062,0.31062,0.093186,0.011676,0.01171,0.378897,0.390607,0.076084,-0.358735,3.1,0.0,separation-dominated,50.0,3.6,low
A-V-s50-h100,riblet,v-groove,plate,50.0,100.0,2.0,,,,,,,5.0,32017.306652,,0.342095,228.248875,1.095296,1.095296,0.328589,0.009362,0.009337,0.0,0.009337,0.268285,0.268285,1.5,0.0,laminar,50.0,3.6,high
A-V-s50-h100,riblet,v-groove,sphere,50.0,100.0,2.0,,,,,,,5.0,,13671.389941,0.38203,204.389234,1.223156,1.223156,0.366947,0.013046,0.013049,0.423183,0.436232,0.299603,-0.314097,3.1,0.0,separation-dominated,50.0,3.6,high
A-V-s50-h100,riblet,v-groove,plate,50.0,100.0,2.0,,,,,,,10.0,64034.613304,,0.629421,124.0549,2.015237,2.015237,0.604571,0.007923,0.007884,0.0,0.007884,0.493618,0.493618,1.5,0.0,laminar,50.0,3.6,high
A-V-s50-h100,riblet,v-groove,sphere,50.0,100.0,2.0,,,,,,,10.0,,27342.779881,0.697855,111.889674,2.234344,2.234344,0.670303,0.014108,0.014072,0.457513,0.471585,0.547286,-0.281688,3.1,0.0,separation-dominated,50.0,3.6,high
A-V-s50-h100,riblet,v-groove,plate,50.0,100.0,2.0,,,,,,,20.0,128069.226609,,1.16396,67.08374,3.726686,3.726686,1.118006,0.006774,0.006712,0.0,0.006712,0.912825,0.912825,1.5,0.0,laminar-transitional,50.0,3.6,high
A-V-s50-h100,riblet,v-groove,sphere,50.0,100.0,2.0,,,,,,,20.0,,54685.559762,1.282384,60.888753,4.105849,4.105849,1.231755,0.01466,0.014548,0.475168,0.489716,1.005698,-0.214752,3.1,0.0,separation-dominated,50.0,3.6,high
A-V-s50-h100,riblet,v-groove,plate,50.0,100.0,2.0,,,,,,,50.0,320173.066522,,2.641463,29.560421,8.457254,8.457254,2.537176,0.005582,0.005466,0.0,0.005466,2.071543,2.071543,1.5,0.0,laminar-transitional,50.0,3.6,high
A-V-s50-h100,riblet,v-groove,sphere,50.0,100.0,2.0,,,,,,,50.0,,136713.899405,2.889182,27.025911,9.250382,9.250382,2.775115,0.014708,0.013143,0.434803,0.447946,2.265814,8.629343,3.1,0.0,separation-dominated,50.0,3.6,high
A-V-s50-h250,riblet,v-groove,plate,50.0,250.0,5.0,,,,,,,1.0,6403.46133,,0.08504,918.18522,0.272276,0.430507,0.204207,0.014464,0.014462,0.0,0.014462,0.012174,0.012174,1.5,0.0,laminar,50.0,3.6,low
A-V-s50-h250,riblet,v-groove,sphere,50.0,250.0,5.0,,,,,,,1.0,,2734.277988,0.097016,804.841687,0.31062,0.491133,0.232965,0.011676,0.01178,0.380942,0.392722,0.013888,-0.902145,3.1,0.0,separation-dominated,50.0,3.6,low
A-V-s50-h250,riblet,v-groove,plate,50.0,250.0,5.0,,,,,,,5.0,32017.306652,,0.342095,228.248875,1.095296,1.731814,0.821472,0.009362,0.009358,0.0,0.009358,0.048971,0.048971,1.5,0.0,laminar,50.0,3.6,high
A-V-s50-h250,riblet,v-groove,sphere,50.0,250.0,5.0,,,,,,,5.0,,13671.389941,0.38203,204.389234,1.223156,1.93398,0.917367,0.013046,0.013144,0.425227,0.438371,0.054688,-0.806064,3.1,0.0,separation-dominated,50.0,3.6,high
A-V-s50-h250,riblet,v-groove,plate,50.0,250.0,5.0,,,,,,,10.0,64034.613304,,0.629421,124.0549,2.015237,3.186369,1.511428,0.007923,0.007916,0.0,0.007916,0.090102,0.090102,1.5,0.0,laminar,50.0,3.6,high
A-V-s50-h250,riblet,v-groove,sphere,50.0,250.0,5.0,,,,,,,10.0,,27342.779881,0.697855,111.889674,2.234344,3.532808,1.675758,0.014108,0.014198,0.459532,0.47373,0.099898,-0.737825,3.1,0.0,separation-dominated,50.0,3.6,high
A-V-s50-h250,riblet,v-groove,plate,50.0,250.0,5.0,,,,,,,20.0,128069.226609,,1.16396,67.08374,3.726686,5.892407,2.795014,0.006774,0.006763,0.0,0.006763,0.166622,0.166622,1.5,0.0,laminar-transitional,50.0,3.6,high
A-V-s50-h250,riblet,v-groove,sphere,50.0,250.0,5.0,,,,,,,20.0,,54685.559762,1.282384,60.888753,4.105849,6.491917,3.079386,0.01466,0.014679,0.475504,0.490183,0.183574,-0.310356,3.1,0.0,separation-dominated,50.0,3.6,high
A-V-s50-h250,riblet,v-groove,plate,50.0,250.0,5.0,,,,,,,50.0,320173.066522,,2.641463,29.560421,8.457254,13.372093,6.342941,0.005582,0.005568,0.0,0.005568,0.252733,0.252733,1.5,-59197.205531,laminar-transitional,50.0,3.6,high
A-V-s50-h250,riblet,v-groove,sphere,50.0,250.0,5.0,,,,,,,50.0,,136713.899405,2.889182,27.025911,9.250382,14.626138,6.937786,0.024513,0.015631,0.297647,0.313278,0.220385,36.098382,3.1,-81161.883375,separation-dominated,50.0,3.6,high
A-V-s100-h25,riblet,v-groove,plate,100.0,25.0,0.25,,,,,,,1.0,6403.46133,,0.08504,918.18522,0.544552,0.192528,0.020421,0.014464,0.014457,0.0,0.014457,0.048732,0.048732,1.5,0.0,laminar,25.0,4.9,low
A-V-s100-h25,riblet,v-groove,sphere,100.0,25.0,0.25,,,,,,,1.0,,2734.277988,0.097016,804.841687,0.62124,0.219642,0.023297,0.011676,0.01168,0.377875,0.389556,0.055595,-0.088587,3.1,0.0,separation-dominated,25.0,4.9,low
A-V-s100-h25,riblet,v-groove,plate,100.0,25.0,0.25,,,,,,,5.0,32017.306652,,0.342095,228.248875,2.190591,0.774491,0.082147,0.009362,0.009344,0.0,0.009344,0.196036,0.196036,1.5,0.0,laminar,25.0,4.9,high
A-V-s100-h25,riblet,v-groove,sphere,100.0,25.0,0.25,,,,,,,5.0,,13671.389941,0.38203,204.389234,2.446313,0.864902,0.091737,0.013046,0.013028,0.42216,0.435188,0.21892,-0.074208,3.1,0.0,separation-dominated,25.0,4.9,high
A-V-s100-h25,riblet,v-groove,plate,100.0,25.0,0.25,,,,,,,10.0,64034.613304,,0.629421,124.0549,4.030474,1.424988,0.151143,0.007923,0.007895,0.0,0.007895,0.360686,0.360686,1.5,0.0,laminar,25.0,4.9,high
A-V-s100-h25,riblet,v-groove,sphere,100.0,25.0,0.25,,,,,,,10.0,,27342.779881,0.697855,111.889674,4.468688,1.57992,0.167576,0.014108,0.014062,0.456493,0.470555,0.399902,-0.062673,3.1,0.0,separation-dominated,25.0,4.9,high
A-V-s100-h25,riblet,v-groove,plate,100.0,25.0,0.25,,,,,,,20.0,128069.226609,,1.16396,67.08374,7.453371,2.635165,0.279501,0.006774,0.006729,0.0,0.006729,0.667,0.667,1.5,0.0,laminar-transitional,25.0,4.9,high
A-V-s100-h25,riblet,v-groove,sphere,100.0,25.0,0.25,,,,,,,20.0,,54685.559762,1.282384,60.888753,8.211697,2.903273,0.307939,0.01466,0.014563,0.474341,0.488903,0.734863,-0.04843,3.1,0.0,separation-dominated,25.0,4.9,high
A-V-s100-h25,riblet,v-groove,plate,100.0,25.0,0.25,,,,,,,50.0,320173.066522,,2.641463,29.560421,16.914509,5.980182,0.634294,0.005582,0.005497,0.0,0.005497,1.513676,1.513676,1.5,0.0,laminar-transitional,25.0,4.9,high
A-V-s100-h25,riblet,v-groove,sphere,100.0,25.0,0.25,,,,,,,50.0,,136713.899405,2.889182,27.025911,18.500764,6.541008,0.693779,0.014708,0.014425,0.47427,0.488695,1.655629,0.317356,3.1,0.0,separation-dominated,25.0,4.9,high
A-V-s100-h50,riblet,v-groove,plate,100.0,50.0,0.5,,,,,,,1.0,6403.46133,,0.08504,918.18522,0.544552,0.272276,0.040841,0.014464,0.014443,0.0,0.014443,0.144413,0.144413,1.5,0.0,laminar,50.0,3.6,low
A-V-s100-h50,riblet,v-groove,sphere,100.0,50.0,0.5,,,,,,,1.0,,2734.277988,0.097016,804.841687,0.62124,0.31062,0.046593,0.011676,0.011678,0.378216,0.389894,0.16475,-0.175562,3.1,0.0,separation-dominated,50.0,3.6,low
A-V-s100-h50,riblet,v-groove,plate,100.0,50.0,0.5,,,,,,,5.0,32017.306652,,0.342095,228.248875,2.190591,1.095296,0.164294,0.009362,0.009308,0.0,0.009308,0.580934,0.580934,1.5,0.0,laminar,50.0,3.6,high
A-V-s100-h50,riblet,v-groove,sphere,100.0,50.0,0.5,,,,,,,5.0,,13671.389941,0.38203,204.389234,2.446313,1.223156,0.183473,0.013046,0.012982,0.422501,0.435484,0.64875,-0.142066,3.1,0.0,separation-dominated,50.0,3.6,high
A-V-s100-h50,riblet,v-groove,plate,100.0,50.0,0.5,,,,,,,10.0,64034.613304,,0.629421,124.0549,4.030474,2.015237,0.302286,0.007923,0.007839,0.0,0.007839,1.068862,1.068862,1.5,0.0,laminar,50.0,3.6,high
A-V-s100-h50,riblet,v-groove,sphere,100.0,50.0,0.5,,,,,,,10.0,,27342.779881,0.697855,111.889674,4.468688,2.234344,0.335152,0.014108,0.013961,0.456834,0.470795,1.185074,-0.113679,3.1,0.0,separation-dominated,50.0,3.6,high
A-V-s100-h50,riblet,v-groove,plate,100.0,50.0,0.5,,,,,,,20.0,128069.226609,,1.16396,67.08374,7.453371,3.726686,0.559003,0.006774,0.00664,0.0,0.00664,1.976597,1.976597,1.5,0.0,laminar-transitional,50.0,3.6,high
A-V-s100-h50,riblet,v-groove,sphere,100.0,50.0,0.5,,,,,,,20.0,,54685.559762,1.282384,60.888753,8.211697,4.105849,0.615877,0.01466,0.01436,0.474651,0.489012,2.177701,-0.070642,3.1,0.0,separation-dominated,50.0,3.6,high
A-V-s100-h50,riblet,v-groove,plate,100.0,50.0,0.5,,,,,,,50.0,320173.066522,,2.641463,29.560421,16.914509,8.457254,1.268588,0.005582,0.005331,0.0,0.005331,4.485644,4.485644,1.5,0.0,laminar-transitional,50.0,3.6,high
A-V-s100-h50,riblet,v-groove,sphere,100.0,50.0,0.5,,,,,,,50.0,,136713.899405,2.889182,27.025911,18.500764,9.250382,1.387557,0.014708,0.01375,0.467528,0.481278,4.906311,1.830269,3.1,0.0,separation-dominated,50.0,3.6,high
A-V-s100-h100,riblet,v-groove,plate,100.0,100.0,1.0,,,,,,,1.0,6403.46133,,0.08504,918.18522,0.544552,0.385057,0.081683,0.014464,0.014434,0.0,0.014434,0.202008,0.202008,1.5,0.0,laminar,100.0,1.3,low
A-V-s100-h100,riblet,v-groove,sphere,100.0,100.0,1.0,,,,,,,1.0,,2734.277988,0.097016,804.841687,0.62124,0.439283,0.093186,0.011676,0.011691,0.378897,0.390589,0.230456,-0.354087,3.1,0.0,separation-dominated,100.0,1.3,low
A-V-s100-h100,riblet,v-groove,plate,100.0,100.0,1.0,,,,,,,5.0,32017.306652,,0.342095,228.248875,2.190591,1.548982,0.328589,0.009362,0.009286,0.0,0.009286,0.812626,0.812626,1.5,0.0,laminar,100.0,1.3,high
A-V-s100-h100,riblet,v-groove,sphere,100.0,100.0,1.0,,,,,,,5.0,,13671.389941,0.38203,204.389234,2.446313,1.729804,0.366947,0.013046,0.012969,0.423183,0.436152,0.907488,-0.295801,3.1,0.0,separation-dominated,100.0,1.3,high
A-V-s100-h100,riblet,v-groove,plate,100.0,100.0,1.0,,,,,,,10.0,64034.613304,,0.629421,124.0549,4.030474,2.849975,0.604571,0.007923,0.007805,0.0,0.007805,1.495152,1.495152,1.5,0.0,laminar,100.0,1.3,high
A-V-s100-h100,riblet,v-groove,sphere,100.0,100.0,1.0,,,,,,,10.0,,27342.779881,0.697855,111.889674,4.468688,3.159839,0.670303,0.014108,0.013915,0.457513,0.471428,1.657712,-0.248276,3.1,0.0,separation-dominated,100.0,1.3,high
A-V-s100-h100,riblet,v-groove,plate,100.0,100.0,1.0,,,,,,,20.0,128069.226609,,1.16396,67.08374,7.453371,5.270329,1.118006,0.006774,0.006587,0.0,0.006587,2.764916,2.764916,1.5,0.0,laminar-transitional,100.0,1.3,high
A-V-s100-h100,riblet,v-groove,sphere,100.0,100.0,1.0,,,,,,,20.0,,54685.559762,1.282384,60.888753,8.211697,5.806547,1.231755,0.01466,0.014248,0.475168,0.489416,3.046225,-0.153386,3.1,0.0,separation-dominated,100.0,1.3,high
A-V-s100-h100,riblet,v-groove,plate,100.0,100.0,1.0,,,,,,,50.0,320173.066522,,2.641463,29.560421,16.914509,11.960364,2.537176,0.005582,0.005288,0.0,0.005288,5.265349,5.265349,1.5,0.0,laminar-transitional,100.0,1.3,high
A-V-s100-h100,riblet,v-groove,sphere,100.0,100.0,1.0,,,,,,,50.0,,136713.899405,2.889182,27.025911,18.500764,13.082016,2.775115,0.014708,0.0128,0.434803,0.447603,4.817161,8.699326,3.1,0.0,separation-dominated,100.0,1.3,high
A-V-s100-h250,riblet,v-groove,plate,100.0,250.0,2.5,,,,,,,1.0,6403.46133,,0.08504,918.18522,0.544552,0.608828,0.204207,0.014464,0.014449,0.0,0.014449,0.099472,0.099472,1.5,0.0,laminar,100.0,1.3,low
A-V-s100-h250,riblet,v-groove,sphere,100.0,250.0,2.5,,,,,,,1.0,,2734.277988,0.097016,804.841687,0.62124,0.694568,0.232965,0.011676,0.011768,0.380942,0.39271,0.11348,-0.89913,3.1,0.0,separation-dominated,100.0,1.3,low
A-V-s100-h250,riblet,v-groove,plate,100.0,250.0,2.5,,,,,,,5.0,32017.306652,,0.342095,228.248875,2.190591,2.449156,0.821472,0.009362,0.009325,0.0,0.009325,0.400148,0.400148,1.5,0.0,laminar,100.0,1.3,high
A-V-s100-h250,riblet,v-groove,sphere,100.0,250.0,2.5,,,,,,,5.0,,13671.389941,0.38203,204.389234,2.446313,2.735061,0.917367,0.013046,0.013093,0.425227,0.438319,0.44686,-0.794204,3.1,0.0,separation-dominated,100.0,1.3,high
A-V-s100-h250,riblet,v-groove,plate,100.0,250.0,2.5,,,,,,,10.0,64034.613304,,0.629421,124.0549,4.030474,4.506206,1.511428,0.007923,0.007865,0.0,0.007865,0.736233,0.736233,1.5,0.0,laminar,100.0,1.3,high
A-V-s100-h250,riblet,v-groove,sphere,100.0,250.0,2.5,,,,,,,10.0,,27342.779881,0.697855,111.889674,4.468688,4.996145,1.675758,0.014108,0.014096,0.459532,0.473628,0.81628,-0.716175,3.1,0.0,separation-dominated,100.0,1.3,high
A-V-s100-h250,riblet,v-groove,plate,100.0,250.0,2.5,,,,,,,20.0,128069.226609,,1.16396,67.08374,7.453371,8.333122,2.795014,0.006774,0.006682,0.0,0.006682,1.361482,1.361482,1.5,0.0,laminar-transitional,100.0,1.3,high
A-V-s100-h250,riblet,v-groove,sphere,100.0,250.0,2.5,,,,,,,20.0,,54685.559762,1.282384,60.888753,8.211697,9.180956,3.079386,0.01466,0.014486,0.475504,0.489989,1.500003,-0.270738,3.1,0.0,separation-dominated,100.0,1.3,high
A-V-s100-h250,riblet,v-groove,plate,100.0,250.0,2.5,,,,,,,50.0,320173.066522,,2.641463,29.560421,16.914509,18.910996,6.342941,0.005582,0.005553,0.0,0.005553,0.509095,0.509095,1.620322,-59197.205531,laminar-transitional,100.0,1.3,high
A-V-s100-h250,riblet,v-groove,sphere,100.0,250.0,2.5,,,,,,,50.0,,136713.899405,2.889182,27.025911,18.500764,20.684483,6.937786,0.024513,0.015642,0.297647,0.313289,0.150425,36.096146,3.1,-81161.883375,separation-dominated,100.0,1.3,high
A-V-s200-h25,riblet,v-groove,plate,200.0,25.0,0.125,,,,,,,1.0,6403.46133,,0.08504,918.18522,1.089105,0.272276,0.020421,0.014464,0.014461,0.0,0.014461,0.015525,0.015525,1.5,0.0,laminar,25.0,4.9,low
A-V-s200-h25,riblet,v-groove,sphere,200.0,25.0,0.125,,,,,,,1.0,,2734.277988,0.097016,804.841687,1.24248,0.31062,0.023297,0.011676,0.011685,0.377875,0.38956,0.017711,-0.089725,3.1,0.0,separation-dominated,25.0,4.9,low
A-V-s200-h25,riblet,v-groove,plate,200.0,25.0,0.125,,,,,,,5.0,32017.306652,,0.342095,228.248875,4.381183,1.095296,0.082147,0.009362,0.009356,0.0,0.009356,0.062452,0.062452,1.5,0.0,laminar,25.0,4.9,high
A-V-s200-h25,riblet,v-groove,sphere,200.0,25.0,0.125,,,,,,,5.0,,13671.389941,0.38203,204.389234,4.892626,1.223156,0.091737,0.013046,0.013047,0.42216,0.435208,0.069742,-0.078687,3.1,0.0,separation-dominated,25.0,4.9,high
A-V-s200-h25,riblet,v-groove,plate,200.0,25.0,0.125,,,,,,,10.0,64034.613304,,0.629421,124.0549,8.060947,2.015237,0.151143,0.007923,0.007914,0.0,0.007914,0.114905,0.114905,1.5,0.0,laminar,25.0,4.9,high
A-V-s200-h25,riblet,v-groove,sphere,200.0,25.0,0.125,,,,,,,10.0,,27342.779881,0.697855,111.889674,8.937375,2.234344,0.167576,0.014108,0.0141,0.456493,0.470594,0.127398,-0.070855,3.1,0.0,separation-dominated,25.0,4.9,high
A-V-s200-h25,riblet,v-groove,plate,200.0,25.0,0.125,,,,,,,20.0,128069.226609,,1.16396,67.08374,14.906742,3.726686,0.279501,0.006774,0.00676,0.0,0.00676,0.212489,0.212489,1.5,0.0,laminar-transitional,25.0,4.9,high
A-V-s200-h25,riblet,v-groove,sphere,200.0,25.0,0.125,,,,,,,20.0,,54685.559762,1.282384,60.888753,16.423394,4.105849,0.307939,0.01466,0.014636,0.474341,0.488977,0.234108,-0.063464,3.1,0.0,separation-dominated,25.0,4.9,high
A-V-s200-h25,riblet,v-groove,plate,200.0,25.0,0.125,,,,,,,50.0,320173.066522,,2.641463,29.560421,33.829018,8.457254,0.634294,0.005582,0.005555,0.0,0.005555,0.482217,0.482217,1.5,0.0,laminar-transitional,25.0,4.9,high
A-V-s200-h25,riblet,v-groove,sphere,200.0,25.0,0.125,,,,,,,50.0,,136713.899405,2.889182,27.025911,37.001528,9.250382,0.693779,0.014708,0.014591,0.47427,0.488861,0.52744,0.283601,3.1,0.0,separation-dominated,25.0,4.9,high
A-V-s200-h50,riblet,v-groove,plate,200.0,50.0,0.25,,,,,,,1.0,6403.46133,,0.08504,918.18522,1.089105,0.385057,0.040841,0.014464,0.01445,0.0,0.01445,0.097464,0.097464,1.5,0.0,laminar,50.0,3.6,low
A-V-s200-h50,riblet,v-groove,sphere,200.0,50.0,0.25,,,,,,,1.0,,2734.277988,0.097016,804.841687,1.24248,0.439283,0.046593,0.011676,0.011684,0.378216,0.3899,0.111189,-0.177171,3.1,0.0,separation-dominated,50.0,3.6,low
A-V-s200-h50,riblet,v-groove,plate,200.0,50.0,0.25,,,,,,,5.0,32017.306652,,0.342095,228.248875,4.381183,1.548982,0.164294,0.009362,0.009326,0.0,0.009326,0.392071,0.392071,1.5,0.0,laminar,50.0,3.6,high
A-V-s200-h50,riblet,v-groove,sphere,200.0,50.0,0.25,,,,,,,5.0,,13671.389941,0.38203,204.389234,4.892626,1.729804,0.183473,0.013046,0.01301,0.422501,0.435511,0.43784,-0.148403,3.1,0.0,separation-dominated,50.0,3.6,high
A-V-s200-h50,riblet,v-groove,plate,200.0,50.0,0.25,,,,,,,10.0,64034.613304,,0.629421,124.0549,8.060947,2.849975,0.302286,0.007923,0.007866,0.0,0.007866,0.721372,0.721372,1.5,0.0,laminar,50.0,3.6,high
A-V-s200-h50,riblet,v-groove,sphere,200.0,50.0,0.25,,,,,,,10.0,,27342.779881,0.697855,111.889674,8.937375,3.159839,0.335152,0.014108,0.014016,0.456834,0.47085,0.799804,-0.125254,3.1,0.0,separation-dominated,50.0,3.6,high
A-V-s200-h50,riblet,v-groove,plate,200.0,50.0,0.25,,,,,,,20.0,128069.226609,,1.16396,67.08374,14.906742,5.270329,0.559003,0.006774,0.006684,0.0,0.006684,1.334001,1.334001,1.5,0.0,laminar-transitional,50.0,3.6,high
A-V-s200-h50,riblet,v-groove,sphere,200.0,50.0,0.25,,,,,,,20.0,,54685.559762,1.282384,60.888753,16.423394,5.806547,0.615877,0.01466,0.014464,0.474651,0.489116,1.469726,-0.09191,3.1,0.0,separation-dominated,50.0,3.6,high
A-V-s200-h50,riblet,v-groove,plate,200.0,50.0,0.25,,,,,,,50.0,320173.066522,,2.641463,29.560421,33.829018,11.960364,1.268588,0.005582,0.00544,0.0,0.00544,2.540396,2.540396,1.5,0.0,laminar-transitional,50.0,3.6,high
A-V-s200-h50,riblet,v-groove,sphere,200.0,50.0,0.25,,,,,,,50.0,,136713.899405,2.889182,27.025911,37.001528,13.082016,1.387557,0.014708,0.014124,0.467528,0.481652,2.324157,1.75411,3.1,0.0,separation-dominated,50.0,3.6,high
A-V-s200-h100,riblet,v-groove,plate,200.0,100.0,0.5,,,,,,,1.0,6403.46133,,0.08504,918.18522,1.089105,0.544552,0.081683,0.014464,0.014422,0.0,0.014422,0.288825,0.288825,1.5,0.0,laminar,100.0,1.3,low
A-V-s200-h100,riblet,v-groove,sphere,200.0,100.0,0.5,,,,,,,1.0,,2734.277988,0.097016,804.841687,1.24248,0.62124,0.093186,0.011676,0.01168,0.378897,0.390577,0.3295,-0.351105,3.1,0.0,separation-dominated,100.0,1.3,low
A-V-s200-h100,riblet,v-groove,plate,200.0,100.0,0.5,,,,,,,5.0,32017.306652,,0.342095,228.248875,4.381183,2.190591,0.328589,0.009362,0.009254,0.0,0.009254,1.161868,1.161868,1.5,0.0,laminar,100.0,1.3,high
A-V-s200-h100,riblet,v-groove,sphere,200.0,100.0,0.5,,,,,,,5.0,,13671.389941,0.38203,204.389234,4.892626,2.446313,0.366947,0.013046,0.012918,0.423183,0.436101,1.2975,-0.284063,3.1,0.0,separation-dominated,100.0,1.3,high
A-V-s200-h100,riblet,v-groove,plate,200.0,100.0,0.5,,,,,,,10.0,64034.613304,,0.629421,124.0549,8.060947,4.030474,0.604571,0.007923,0.007754,0.0,0.007754,2.137723,2.137723,1.5,0.0,laminar,100.0,1.3,high
A-V-s200-h100,riblet,v-groove,sphere,200.0,100.0,0.5,,,,,,,10.0,,27342.779881,0.697855,111.889674,8.937375,4.468688,0.670303,0.014108,0.013815,0.457513,0.471327,2.370148,-0.226839,3.1,0.0,separation-dominated,100.0,1.3,high
A-V-s200-h100,riblet,v-groove,plate,200.0,100.0,0.5,,,,,,,20.0,128069.226609,,1.16396,67.08374,14.906742,7.453371,1.118006,0.006774,0.006506,0.0,0.006506,3.953194,3.953194,1.5,0.0,laminar-transitional,100.0,1.3,high
A-V-s200-h100,riblet,v-groove,sphere,200.0,100.0,0.5,,,,,,,20.0,,54685.559762,1.282384,60.888753,16.423394,8.211697,1.231755,0.01466,0.014056,0.475168,0.489224,4.355403,-0.114015,3.1,0.0,separation-dominated,100.0,1.3,high
A-V-s200-h100,riblet,v-groove,plate,200.0,100.0,0.5,,,,,,,50.0,320173.066522,,2.641463,29.560421,33.829018,16.914509,2.537176,0.005582,0.005421,0.0,0.005421,2.874845,2.874845,1.536358,0.0,laminar-transitional,100.0,1.3,high
A-V-s200-h100,riblet,v-groove,sphere,200.0,100.0,0.5,,,,,,,50.0,,136713.899405,2.889182,27.025911,37.001528,18.500764,2.775115,0.014708,0.01319,0.434803,0.447993,1.911963,8.619637,3.1,0.0,separation-dominated,100.0,1.3,high
A-V-s200-h250,riblet,v-groove,plate,200.0,250.0,1.25,,,,,,,1.0,6403.46133,,0.08504,918.18522,1.089105,0.861013,0.204207,0.014464,0.014408,0.0,0.014408,0.383664,0.383664,1.5,0.0,laminar,200.0,1.0,low
A-V-s200-h250,riblet,v-groove,sphere,200.0,250.0,1.25,,,,,,,1.0,,2734.277988,0.097016,804.841687,1.24248,0.982267,0.232965,0.011676,0.01173,0.380942,0.392672,0.437694,-0.889316,3.1,0.0,separation-dominated,200.0,1.0,low
A-V-s200-h250,riblet,v-groove,plate,200.0,250.0,1.25,,,,,,,5.0,32017.306652,,0.342095,228.248875,4.381183,3.463629,0.821472,0.009362,0.009218,0.0,0.009218,1.543379,1.543379,1.5,0.0,laminar,200.0,1.0,high
A-V-s200-h250,riblet,v-groove,sphere,200.0,250.0,1.25,,,,,,,5.0,,13671.389941,0.38203,204.389234,4.892626,3.86796,0.917367,0.013046,0.012925,0.425227,0.438152,1.723548,-0.755594,3.1,0.0,separation-dominated,200.0,1.0,high
A-V-s200-h250,riblet,v-groove,plate,200.0,250.0,1.25,,,,,,,10.0,64034.613304,,0.629421,124.0549,8.060947,6.372738,1.511428,0.007923,0.007698,0.0,0.007698,2.839667,2.839667,1.5,0.0,laminar,200.0,1.0,high
A-V-s200-h250,riblet,v-groove,sphere,200.0,250.0,1.25,,,,,,,10.0,,27342.779881,0.697855,111.889674,8.937375,7.065615,1.675758,0.014108,0.013765,0.459532,0.473297,3.14841,-0.645692,3.1,0.0,separation-dominated,200.0,1.0,high
A-V-s200-h250,riblet,v-groove,plate,200.0,250.0,1.25,,,,,,,20.0,128069.226609,,1.16396,67.08374,14.906742,11.784814,2.795014,0.006774,0.006468,0.0,0.006468,4.524608,4.524608,1.5,0.0,laminar-transitional,200.0,1.0,high
A-V-s200-h250,riblet,v-groove,sphere,200.0,250.0,1.25,,,,,,,20.0,,54685.559762,1.282384,60.888753,16.423394,12.983833,3.079386,0.01466,0.014099,0.475504,0.489603,4.127568,-0.191662,3.1,0.0,separation-dominated,200.0,1.0,high
A-V-s200-h250,riblet,v-groove,plate,200.0,250.0,1.25,,,,,,,50.0,320173.066522,,2.641463,29.560421,33.829018,26.744187,6.342941,0.005582,0.005766,0.0,0.005766,-3.305201,-3.305201,1.949756,-59197.205531,laminar-transitional,200.0,1.0,high
A-V-s200-h250,riblet,v-groove,sphere,200.0,250.0,1.25,,,,,,,50.0,,136713.899405,2.889182,27.025911,37.001528,29.252276,6.937786,0.024513,0.016446,0.297647,0.314094,-4.982974,35.932112,3.1,-81161.883375,separation-dominated,200.0,1.0,high
A-V-s500-h25,riblet,v-groove,plate,500.0,25.0,0.05,,,,,,,1.0,6403.46133,,0.08504,918.18522,2.722762,0.430507,0.020421,0.014464,0.014464,0.0,0.014464,0.001081,0.001081,1.5,0.0,laminar,25.0,4.9,low
A-V-s500-h25,riblet,v-groove,sphere,500.0,25.0,0.05,,,,,,,1.0,,2734.277988,0.097016,804.841687,3.106201,0.491133,0.023297,0.011676,0.011687,0.377875,0.389562,0.001234,-0.090219,3.1,0.0,separation-dominated,25.0,4.9,low
A-V-s500-h25,riblet,v-groove,plate,500.0,25.0,0.05,,,,,,,5.0,32017.306652,,0.342095,228.248875,10.952957,1.731814,0.082147,0.009362,0.009362,0.0,0.009362,0.00435,0.00435,1.5,0.0,laminar,25.0,4.9,high
A-V-s500-h25,riblet,v-groove,sphere,500.0,25.0,0.05,,,,,,,5.0,,13671.389941,0.38203,204.389234,12.231564,1.93398,0.091737,0.013046,0.013056,0.42216,0.435216,0.004858,-0.080635,3.1,0.0,separation-dominated,25.0,4.9,high
A-V-s500-h25,riblet,v-groove,plate,500.0,25.0,0.05,,,,,,,10.0,64034.613304,,0.629421,124.0549,20.152368,3.186369,0.151143,0.007923,0.007923,0.0,0.007923,0.008003,0.008003,1.5,0.0,laminar,25.0,4.9,high
A-V-s500-h25,riblet,v-groove,sphere,500.0,25.0,0.05,,,,,,,10.0,,27342.779881,0.697855,111.889674,22.343438,3.532808,0.167576,0.014108,0.014117,0.456493,0.470611,0.008873,-0.074413,3.1,0.0,separation-dominated,25.0,4.9,high
A-V-s500-h25,riblet,v-groove,plate,500.0,25.0,0.05,,,,,,,20.0,128069.226609,,1.16396,67.08374,37.266855,5.892407,0.279501,0.006774,0.006773,0.0,0.006773,0.0148,0.0148,1.5,0.0,laminar-transitional,25.0,4.9,high
A-V-s500-h25,riblet,v-groove,sphere,500.0,25.0,0.05,,,,,,,20.0,,54685.559762,1.282384,60.888753,41.058486,6.491917,0.307939,0.01466,0.014668,0.474341,0.489009,0.016306,-0.070002,3.1,0.0,separation-dominated,25.0,4.9,high
A-V-s500-h25,riblet,v-groove,plate,500.0,25.0,0.05,,,,,,,50.0,320173.066522,,2.641463,29.560421,84.572544,13.372093,0.634294,0.005582,0.005581,0.0,0.005581,0.022448,0.022448,1.5,0.0,laminar-transitional,25.0,4.9,high
A-V-s500-h25,riblet,v-groove,sphere,500.0,25.0,0.05,,,,,,,50.0,,136713.899405,2.889182,27.025911,92.50382,14.626138,0.693779,0.014708,0.014665,0.47427,0.488935,0.019575,0.268406,3.1,0.0,separation-dominated,25.0,4.9,high
A-V-s500-h50,riblet,v-groove,plate,500.0,50.0,0.1,,,,,,,1.0,6403.46133,,0.08504,918.18522,2.722762,0.608828,0.040841,0.014464,0.014461,0.0,0.014461,0.018313,0.018313,1.5,0.0,laminar,50.0,3.6,low
A-V-s500-h50,riblet,v-groove,sphere,500.0,50.0,0.1,,,,,,,1.0,,2734.277988,0.097016,804.841687,3.106201,0.694568,0.046593,0.011676,0.011695,0.378216,0.389911,0.020891,-0.179885,3.1,0.0,separation-dominated,50.0,3.6,low
A-V-s500-h50,riblet,v-groove,plate,500.0,50.0,0.1,,,,,,,5.0,32017.306652,,0.342095,228.248875,10.952957,2.449156,0.164294,0.009362,0.009355,0.0,0.009355,0.073667,0.073667,1.5,0.0,laminar,50.0,3.6,high
A-V-s500-h50,riblet,v-groove,sphere,500.0,50.0,0.1,,,,,,,5.0,,13671.389941,0.38203,204.389234,12.231564,2.735061,0.183473,0.013046,0.013056,0.422501,0.435558,0.082266,-0.159088,3.1,0.0,separation-dominated,50.0,3.6,high
A-V-s500-h50,riblet,v-groove,plate,500.0,50.0,0.1,,,,,,,10.0,64034.613304,,0.629421,124.0549,20.152368,4.506206,0.302286,0.007923,0.007913,0.0,0.007913,0.135539,0.135539,1.5,0.0,laminar,50.0,3.6,high
A-V-s500-h50,riblet,v-groove,sphere,500.0,50.0,0.1,,,,,,,10.0,,27342.779881,0.697855,111.889674,22.343438,4.996145,0.335152,0.014108,0.014108,0.456834,0.470941,0.150276,-0.144769,3.1,0.0,separation-dominated,50.0,3.6,high
A-V-s500-h50,riblet,v-groove,plate,500.0,50.0,0.1,,,,,,,20.0,128069.226609,,1.16396,67.08374,37.266855,8.333122,0.559003,0.006774,0.006757,0.0,0.006757,0.250647,0.250647,1.5,0.0,laminar-transitional,50.0,3.6,high
A-V-s500-h50,riblet,v-groove,sphere,500.0,50.0,0.1,,,,,,,20.0,,54685.559762,1.282384,60.888753,41.058486,9.180956,0.615877,0.01466,0.014639,0.474651,0.489291,0.276148,-0.127766,3.1,0.0,separation-dominated,50.0,3.6,high
A-V-s500-h50,riblet,v-groove,plate,500.0,50.0,0.1,,,,,,,50.0,320173.066522,,2.641463,29.560421,84.572544,18.910996,1.268588,0.005582,0.005577,0.0,0.005577,0.093724,0.093724,1.620322,0.0,laminar-transitional,50.0,3.6,high
A-V-s500-h50,riblet,v-groove,sphere,500.0,50.0,0.1,,,,,,,50.0,,136713.899405,2.889182,27.025911,92.50382,20.684483,1.387557,0.014708,0.014456,0.467528,0.481984,0.027693,1.686378,3.1,0.0,separation-dominated,50.0,3.6,high
A-V-s500-h100,riblet,v-groove,plate,500.0,100.0,0.2,,,,,,,1.0,6403.46133,,0.08504,918.18522,2.722762,0.861013,0.081683,0.014464,0.014443,0.0,0.014443,0.146395,0.146395,1.5,0.0,laminar,100.0,1.3,low
A-V-s500-h100,riblet,v-groove,sphere,500.0,100.0,0.2,,,,,,,1.0,,2734.277988,0.097016,804.841687,3.106201,0.982267,0.093186,0.011676,0.011699,0.378897,0.390596,0.167012,-0.355998,3.1,0.0,separation-dominated,100.0,1.3,low
A-V-s500-h100,riblet,v-groove,plate,500.0,100.0,0.2,,,,,,,5.0,32017.306652,,0.342095,228.248875,10.952957,3.463629,0.328589,0.009362,0.009307,0.0,0.009307,0.588909,0.588909,1.5,0.0,laminar,100.0,1.3,high
A-V-s500-h100,riblet,v-groove,sphere,500.0,100.0,0.2,,,,,,,5.0,,13671.389941,0.38203,204.389234,12.231564,3.86796,0.366947,0.013046,0.013002,0.423183,0.436185,0.657656,-0.30332,3.1,0.0,separation-dominated,100.0,1.3,high
A-V-s500-h100,riblet,v-groove,plate,500.0,100.0,0.2,,,,,,,10.0,64034.613304,,0.629421,124.0549,20.152368,6.372738,0.604571,0.007923,0.007838,0.0,0.007838,1.083535,1.083535,1.5,0.0,laminar,100.0,1.3,high
A-V-s500-h100,riblet,v-groove,sphere,500.0,100.0,0.2,,,,,,,10.0,,27342.779881,0.697855,111.889674,22.343438,7.065615,0.670303,0.014108,0.01398,0.457513,0.471493,1.201343,-0.262008,3.1,0.0,separation-dominated,100.0,1.3,high
A-V-s500-h100,riblet,v-groove,plate,500.0,100.0,0.2,,,,,,,20.0,128069.226609,,1.16396,67.08374,37.266855,11.784814,1.118006,0.006774,0.006657,0.0,0.006657,1.726461,1.726461,1.5,0.0,laminar-transitional,100.0,1.3,high
A-V-s500-h100,riblet,v-groove,sphere,500.0,100.0,0.2,,,,,,,20.0,,54685.559762,1.282384,60.888753,41.058486,12.983833,1.231755,0.01466,0.014464,0.475168,0.489632,1.574962,-0.197632,3.1,0.0,separation-dominated,100.0,1.3,high
A-V-s500-h100,riblet,v-groove,plate,500.0,100.0,0.2,,,,,,,50.0,320173.066522,,2.641463,29.560421,84.572544,26.744187,2.537176,0.005582,0.005652,0.0,0.005652,-1.26117,-1.26117,1.949756,0.0,laminar-transitional,100.0,1.3,high
A-V-s500-h100,riblet,v-groove,sphere,500.0,100.0,0.2,,,,,,,50.0,,136713.899405,2.889182,27.025911,92.50382,29.252276,2.775115,0.014708,0.013703,0.434803,0.448506,-1.90136,8.515038,3.1,0.0,separation-dominated,100.0,1.3,high
A-V-s500-h250,riblet,v-groove,plate,500.0,250.0,0.5,,,,,,,1.0,6403.46133,,0.08504,918.18522,2.722762,1.361381,0.204207,0.014464,0.014359,0.0,0.014359,0.722063,0.722063,1.5,0.0,laminar,250.0,1.0,low
A-V-s500-h250,riblet,v-groove,sphere,500.0,250.0,0.5,,,,,,,1.0,,2734.277988,0.097016,804.841687,3.106201,1.5531,0.232965,0.011676,0.011685,0.380942,0.392627,0.823749,-0.87763,3.1,0.0,separation-dominated,250.0,1.0,low
A-V-s500-h250,riblet,v-groove,plate,500.0,250.0,0.5,,,,,,,5.0,32017.306652,,0.342095,228.248875,10.952957,5.476478,0.821472,0.009362,0.00909,0.0,0.00909,2.90467,2.90467,1.5,0.0,laminar,250.0,1.0,high
A-V-s500-h250,riblet,v-groove,sphere,500.0,250.0,0.5,,,,,,,5.0,,13671.389941,0.38203,204.389234,12.231564,6.115782,0.917367,0.013046,0.012725,0.425227,0.437952,3.24375,-0.709619,3.1,0.0,separation-dominated,250.0,1.0,high
A-V-s500-h250,riblet,v-groove,plate,500.0,250.0,0.5,,,,,,,10.0,64034.613304,,0.629421,124.0549,20.152368,10.076184,1.511428,0.007923,0.0075,0.0,0.0075,5.344308,5.344308,1.5,0.0,laminar,250.0,1.0,high
A-V-s500-h250,riblet,v-groove,sphere,500.0,250.0,0.5,,,,,,,10.0,,27342.779881,0.697855,111.889674,22.343438,11.171719,1.675758,0.014108,0.01342,0.459532,0.472952,5.577096,-0.572292,3.1,0.0,separation-dominated,250.0,1.0,high
A-V-s500-h250,riblet,v-groove,plate,500.0,250.0,0.5,,,,,,,20.0,128069.226609,,1.16396,67.08374,37.266855,18.633428,2.795014,0.006774,0.00665,0.0,0.00665,1.828553,1.828553,1.608649,0.0,laminar-transitional,250.0,1.0,high
A-V-s500-h250,riblet,v-groove,sphere,500.0,250.0,0.5,,,,,,,20.0,,54685.559762,1.282384,60.888753,41.058486,20.529243,3.079386,0.01466,0.014619,0.475504,0.490123,0.59292,-0.298036,3.1,0.0,separation-dominated,250.0,1.0,high
A-V-s500-h250,riblet,v-groove,plate,500.0,250.0,0.5,,,,,,,50.0,320173.066522,,2.641463,29.560421,84.572544,42.286272,6.342941,0.005582,0.006559,0.0,0.006559,-17.505611,-17.505611,2.603395,-59197.205531,laminar-transitional,250.0,1.0,high
A-V-s500-h250,riblet,v-groove,sphere,500.0,250.0,0.5,,,,,,,50.0,,136713.899405,2.889182,27.025911,92.50382,46.25191,6.937786,0.024513,0.019012,0.297647,0.316659,-21.358313,35.408849,3.1,-81161.883375,separation-dominated,250.0,1.0,high
A-U-GR-s100-h50,riblet,u-groove,plate,100.0,50.0,0.5,,,,,,,1.0,6403.46133,,0.08504,918.18522,0.544552,0.314476,0.040841,0.014464,0.014442,0.0,0.014442,0.147963,0.147963,1.5,0.0,laminar,50.0,3.6,low
A-U-GR-s100-h50,riblet,u-groove,sphere,100.0,50.0,0.5,,,,,,,1.0,,2734.277988,0.097016,804.841687,0.62124,0.358763,0.046593,0.011676,0.011678,0.378216,0.389894,0.168801,-0.17544,3.1,0.0,separation-dominated,50.0,3.6,low
A-U-GR-s100-h50,riblet,u-groove,plate,100.0,50.0,0.5,,,,,,,5.0,32017.306652,,0.342095,228.248875,2.190591,1.265055,0.164294,0.009362,0.009307,0.0,0.009307,0.595217,0.595217,1.5,0.0,laminar,50.0,3.6,high
A-U-GR-s100-h50,riblet,u-groove,sphere,100.0,50.0,0.5,,,,,,,5.0,,13671.389941,0.38203,204.389234,2.446313,1.412732,0.183473,0.013046,0.01298,0.422501,0.435481,0.664701,-0.141587,3.1,0.0,separation-dominated,50.0,3.6,high
A-U-GR-s100-h50,riblet,u-groove,plate,100.0,50.0,0.5,,,,,,,10.0,64034.613304,,0.629421,124.0549,4.030474,2.327577,0.302286,0.007923,0.007837,0.0,0.007837,1.095142,1.095142,1.5,0.0,laminar,50.0,3.6,high
A-U-GR-s100-h50,riblet,u-groove,sphere,100.0,50.0,0.5,,,,,,,10.0,,27342.779881,0.697855,111.889674,4.468688,2.580643,0.335152,0.014108,0.013957,0.456834,0.470791,1.214211,-0.112803,3.1,0.0,separation-dominated,50.0,3.6,high
A-U-GR-s100-h50,riblet,u-groove,plate,100.0,50.0,0.5,,,,,,,20.0,128069.226609,,1.16396,67.08374,7.453371,4.304281,0.559003,0.006774,0.006637,0.0,0.006637,2.025196,2.025196,1.5,0.0,laminar-transitional,50.0,3.6,high
A-U-GR-s100-h50,riblet,u-groove,sphere,100.0,50.0,0.5,,,,,,,20.0,,54685.559762,1.282384,60.888753,8.211697,4.742211,0.615877,0.01466,0.014352,0.474651,0.489004,2.231245,-0.069034,3.1,0.0,separation-dominated,50.0,3.6,high
A-U-GR-s100-h50,riblet,u-groove,plate,100.0,50.0,0.5,,,,,,,50.0,320173.066522,,2.641463,29.560421,16.914509,9.768037,1.268588,0.005582,0.005325,0.0,0.005325,4.595933,4.595933,1.5,0.0,laminar-transitional,50.0,3.6,high
A-U-GR-s100-h50,riblet,u-groove,sphere,100.0,50.0,0.5,,,,,,,50.0,,136713.899405,2.889182,27.025911,18.500764,10.684091,1.387557,0.014708,0.013733,0.467528,0.481261,5.026943,1.833827,3.1,0.0,separation-dominated,50.0,3.6,high
A-BLAD-s100-h50,riblet,blade,plate,100.0,50.0,0.5,,,,,,,1.0,6403.46133,,0.08504,918.18522,0.544552,0.375307,0.040841,0.014464,0.014413,0.0,0.014413,0.347247,0.347247,1.5,0.0,laminar,50.0,3.6,low
A-BLAD-s100-h50,riblet,blade,sphere,100.0,50.0,0.5,,,,,,,1.0,,2734.277988,0.097016,804.841687,0.62124,0.42816,0.046593,0.011676,0.011651,0.378216,0.389867,0.396148,-0.168607,3.1,0.0,separation-dominated,50.0,3.6,low
A-BLAD-s100-h50,riblet,blade,plate,100.0,50.0,0.5,,,,,,,5.0,32017.306652,,0.342095,228.248875,2.190591,1.509761,0.164294,0.009362,0.009232,0.0,0.009232,1.396882,1.396882,1.5,0.0,laminar,50.0,3.6,high
A-BLAD-s100-h50,riblet,blade,sphere,100.0,50.0,0.5,,,,,,,5.0,,13671.389941,0.38203,204.389234,2.446313,1.686005,0.183473,0.013046,0.012863,0.422501,0.435364,1.559948,-0.114686,3.1,0.0,separation-dominated,50.0,3.6,high
A-BLAD-s100-h50,riblet,blade,plate,100.0,50.0,0.5,,,,,,,10.0,64034.613304,,0.629421,124.0549,4.030474,2.777812,0.302286,0.007923,0.00772,0.0,0.00772,2.570125,2.570125,1.5,0.0,laminar,50.0,3.6,high
A-BLAD-s100-h50,riblet,blade,sphere,100.0,50.0,0.5,,,,,,,10.0,,27342.779881,0.697855,111.889674,4.468688,3.07983,0.335152,0.014108,0.013726,0.456834,0.47056,2.849563,-0.06367,3.1,0.0,separation-dominated,50.0,3.6,high
A-BLAD-s100-h50,riblet,blade,plate,100.0,50.0,0.5,,,,,,,20.0,128069.226609,,1.16396,67.08374,7.453371,5.136881,0.559003,0.006774,0.006452,0.0,0.006452,4.752816,4.752816,1.5,0.0,laminar-transitional,50.0,3.6,high
A-BLAD-s100-h50,riblet,blade,sphere,100.0,50.0,0.5,,,,,,,20.0,,54685.559762,1.282384,60.888753,8.211697,5.659522,0.615877,0.01466,0.013911,0.474651,0.488563,5.23638,0.021243,3.1,0.0,separation-dominated,50.0,3.6,high
A-BLAD-s100-h50,riblet,blade,plate,100.0,50.0,0.5,,,,,,,50.0,320173.066522,,2.641463,29.560421,16.914509,11.657521,1.268588,0.005582,0.005053,0.0,0.005053,9.470534,9.470534,1.5,0.0,laminar-transitional,50.0,3.6,high
A-BLAD-s100-h50,riblet,blade,sphere,100.0,50.0,0.5,,,,,,,50.0,,136713.899405,2.889182,27.025911,18.500764,12.750772,1.387557,0.014708,0.013195,0.467528,0.480723,8.744077,1.943462,3.1,0.0,separation-dominated,50.0,3.6,high
A-SCAL-s100-h50,riblet,scalloped,plate,100.0,50.0,0.5,,,,,,,1.0,6403.46133,,0.08504,918.18522,0.544552,0.298264,0.040841,0.014464,0.01444,0.0,0.01444,0.165851,0.165851,1.5,0.0,laminar,50.0,3.6,low
A-SCAL-s100-h50,riblet,scalloped,sphere,100.0,50.0,0.5,,,,,,,1.0,,2734.277988,0.097016,804.841687,0.62124,0.340267,0.046593,0.011676,0.011675,0.378216,0.389891,0.189207,-0.174827,3.1,0.0,separation-dominated,50.0,3.6,low
A-SCAL-s100-h50,riblet,scalloped,plate,100.0,50.0,0.5,,,,,,,5.0,32017.306652,,0.342095,228.248875,2.190591,1.199836,0.164294,0.009362,0.0093,0.0,0.0093,0.667174,0.667174,1.5,0.0,laminar,50.0,3.6,high
A-SCAL-s100-h50,riblet,scalloped,sphere,100.0,50.0,0.5,,,,,,,5.0,,13671.389941,0.38203,204.389234,2.446313,1.339901,0.183473,0.013046,0.01297,0.422501,0.435471,0.745057,-0.139172,3.1,0.0,separation-dominated,50.0,3.6,high
A-SCAL-s100-h50,riblet,scalloped,plate,100.0,50.0,0.5,,,,,,,10.0,64034.613304,,0.629421,124.0549,4.030474,2.207581,0.302286,0.007923,0.007826,0.0,0.007826,1.227535,1.227535,1.5,0.0,laminar,50.0,3.6,high
A-SCAL-s100-h50,riblet,scalloped,sphere,100.0,50.0,0.5,,,,,,,10.0,,27342.779881,0.697855,111.889674,4.468688,2.447601,0.335152,0.014108,0.013937,0.456834,0.47077,1.360999,-0.108393,3.1,0.0,separation-dominated,50.0,3.6,high
A-SCAL-s100-h50,riblet,scalloped,plate,100.0,50.0,0.5,,,,,,,20.0,128069.226609,,1.16396,67.08374,7.453371,4.082379,0.559003,0.006774,0.00662,0.0,0.00662,2.270024,2.270024,1.5,0.0,laminar-transitional,50.0,3.6,high
A-SCAL-s100-h50,riblet,scalloped,sphere,100.0,50.0,0.5,,,,,,,20.0,,54685.559762,1.282384,60.888753,8.211697,4.497732,0.615877,0.01466,0.014313,0.474651,0.488964,2.500982,-0.060931,3.1,0.0,separation-dominated,50.0,3.6,high
A-SCAL-s100-h50,riblet,scalloped,plate,100.0,50.0,0.5,,,,,,,50.0,320173.066522,,2.641463,29.560421,16.914509,9.264458,1.268588,0.005582,0.005294,0.0,0.005294,5.15154,5.15154,1.5,0.0,laminar-transitional,50.0,3.6,high
A-SCAL-s100-h50,riblet,scalloped,sphere,100.0,50.0,0.5,,,,,,,50.0,,136713.899405,2.889182,27.025911,18.500764,10.133286,1.387557,0.014708,0.013645,0.467528,0.481173,5.634655,1.851751,3.1,0.0,separation-dominated,50.0,3.6,high
A-BLAD-s200-h100,riblet,blade,plate,200.0,100.0,0.5,,,,,,,1.0,6403.46133,,0.08504,918.18522,1.089105,0.750614,0.081683,0.014464,0.014363,0.0,0.014363,0.694493,0.694493,1.5,0.0,laminar,100.0,1.3,low
A-BLAD-s200-h100,riblet,blade,sphere,200.0,100.0,0.5,,,,,,,1.0,,2734.277988,0.097016,804.841687,1.24248,0.856321,0.093186,0.011676,0.011626,0.378897,0.390523,0.792297,-0.337171,3.1,0.0,separation-dominated,100.0,1.3,low
A-BLAD-s200-h100,riblet,blade,plate,200.0,100.0,0.5,,,,,,,5.0,32017.306652,,0.342095,228.248875,4.381183,3.019522,0.328589,0.009362,0.009101,0.0,0.009101,2.793763,2.793763,1.5,0.0,laminar,100.0,1.3,high
A-BLAD-s200-h100,riblet,blade,sphere,200.0,100.0,0.5,,,,,,,5.0,,13671.389941,0.38203,204.389234,4.892626,3.372009,0.366947,0.013046,0.01268,0.423183,0.435862,3.119897,-0.229214,3.1,0.0,separation-dominated,100.0,1.3,high
A-BLAD-s200-h100,riblet,blade,plate,200.0,100.0,0.5,,,,,,,10.0,64034.613304,,0.629421,124.0549,8.060947,5.555624,0.604571,0.007923,0.007516,0.0,0.007516,5.140251,5.140251,1.5,0.0,laminar,100.0,1.3,high
A-BLAD-s200-h100,riblet,blade,sphere,200.0,100.0,0.5,,,,,,,10.0,,27342.779881,0.697855,111.889674,8.937375,6.159661,0.670303,0.014108,0.013343,0.457513,0.470856,5.699125,-0.126672,3.1,0.0,separation-dominated,100.0,1.3,high
A-BLAD-s200-h100,riblet,blade,plate,200.0,100.0,0.5,,,,,,,20.0,128069.226609,,1.16396,67.08374,14.906742,10.273763,1.118006,0.006774,0.00613,0.0,0.00613,9.505631,9.505631,1.5,0.0,laminar-transitional,100.0,1.3,high
A-BLAD-s200-h100,riblet,blade,sphere,200.0,100.0,0.5,,,,,,,20.0,,54685.559762,1.282384,60.888753,16.423394,11.319043,1.231755,0.01466,0.013277,0.475168,0.488445,9.656402,0.045405,3.1,0.0,separation-dominated,100.0,1.3,high
A-BLAD-s200-h100,riblet,blade,plate,200.0,100.0,0.5,,,,,,,50.0,320173.066522,,2.641463,29.560421,33.829018,23.315041,2.537176,0.005582,0.005714,0.0,0.005714,-2.362854,-2.362854,1.805539,0.0,laminar-transitional,100.0,1.3,high
A-BLAD-s200-h100,riblet,blade,sphere,200.0,100.0,0.5,,,,,,,50.0,,136713.899405,2.889182,27.025911,37.001528,25.501543,2.775115,0.014708,0.014146,0.434803,0.448949,-5.195079,8.424692,3.1,0.0,separation-dominated,100.0,1.3,high
A-SCAL-s50-h25,riblet,scalloped,plate,50.0,25.0,0.5,,,,,,,1.0,6403.46133,,0.08504,918.18522,0.272276,0.149132,0.020421,0.014464,0.014452,0.0,0.014452,0.082925,0.082925,1.5,0.0,laminar,25.0,4.9,low
A-SCAL-s50-h25,riblet,scalloped,sphere,50.0,25.0,0.5,,,,,,,1.0,,2734.277988,0.097016,804.841687,0.31062,0.170134,0.023297,0.011676,0.011676,0.377875,0.389551,0.094604,-0.087416,3.1,0.0,separation-dominated,25.0,4.9,low
A-SCAL-s50-h25,riblet,scalloped,plate,50.0,25.0,0.5,,,,,,,5.0,32017.306652,,0.342095,228.248875,1.095296,0.599918,0.082147,0.009362,0.009331,0.0,0.009331,0.333587,0.333587,1.5,0.0,laminar,25.0,4.9,high
A-SCAL-s50-h25,riblet,scalloped,sphere,50.0,25.0,0.5,,,,,,,5.0,,13671.389941,0.38203,204.389234,1.223156,0.66995,0.091737,0.013046,0.013008,0.42216,0.435168,0.372529,-0.069596,3.1,0.0,separation-dominated,25.0,4.9,high
A-SCAL-s50-h25,riblet,scalloped,plate,50.0,25.0,0.5,,,,,,,10.0,64034.613304,,0.629421,124.0549,2.015237,1.103791,0.151143,0.007923,0.007875,0.0,0.007875,0.613767,0.613767,1.5,0.0,laminar,25.0,4.9,high
A-SCAL-s50-h25,riblet,scalloped,sphere,50.0,25.0,0.5,,,,,,,10.0,,27342.779881,0.697855,111.889674,2.234344,1.223801,0.167576,0.014108,0.014022,0.456493,0.470516,0.680499,-0.054249,3.1,0.0,separation-dominated,25.0,4.9,high
A-SCAL-s50-h25,riblet,scalloped,plate,50.0,25.0,0.5,,,,,,,20.0,128069.226609,,1.16396,67.08374,3.726686,2.04119,0.279501,0.006774,0.006697,0.0,0.006697,1.135012,1.135012,1.5,0.0,laminar-transitional,25.0,4.9,high
A-SCAL-s50-h25,riblet,scalloped,sphere,50.0,25.0,0.5,,,,,,,20.0,,54685.559762,1.282384,60.888753,4.105849,2.248866,0.307939,0.01466,0.014487,0.474341,0.488827,1.250491,-0.032951,3.1,0.0,separation-dominated,25.0,4.9,high
A-SCAL-s50-h25,riblet,scalloped,plate,50.0,25.0,0.5,,,,,,,50.0,320173.066522,,2.641463,29.560421,8.457254,4.632229,0.634294,0.005582,0.005438,0.0,0.005438,2.57577,2.57577,1.5,0.0,laminar-transitional,25.0,4.9,high
A-SCAL-s50-h25,riblet,scalloped,sphere,50.0,25.0,0.5,,,,,,,50.0,,136713.899405,2.889182,27.025911,9.250382,5.066643,0.693779,0.014708,0.014255,0.47427,0.488525,2.817328,0.352114,3.1,0.0,separation-dominated,25.0,4.9,high
B-HEX-d0.5-r0.05,dimple,spherical,plate,,,,0.5,0.05,hexagonal,40.0,,,1.0,6403.46133,,0.08504,918.18522,,,0.136138,0.014464,0.014464,8.1e-05,0.014545,0.0,-0.56,2.5,0.0,laminar,25.0,3.9,low
B-HEX-d0.5-r0.05,dimple,spherical,sphere,,,,0.5,0.05,hexagonal,40.0,,,1.0,,2734.277988,0.097016,804.841687,,,0.15531,0.011676,0.011721,0.378971,0.390692,1e-06,-0.380555,4.1,0.0,separation-dominated,25.0,3.9,low
B-HEX-d0.5-r0.05,dimple,spherical,plate,,,,0.5,0.05,hexagonal,40.0,,,5.0,32017.306652,,0.342095,228.248875,,,0.547648,0.009362,0.009362,5.2e-05,0.009415,0.00049,-0.55951,2.5,0.0,laminar,25.0,3.9,moderate
B-HEX-d0.5-r0.05,dimple,spherical,sphere,,,,0.5,0.05,hexagonal,40.0,,,5.0,,13671.389941,0.38203,204.389234,,,0.611578,0.013046,0.01309,0.423256,0.436347,0.000794,-0.340567,4.1,0.0,separation-dominated,25.0,3.9,high
B-HEX-d0.5-r0.05,dimple,spherical,plate,,,,0.5,0.05,hexagonal,40.0,,,10.0,64034.613304,,0.629421,124.0549,,,1.007618,0.007923,0.007923,4.4e-05,0.007967,0.00584,-0.55416,2.5,0.0,laminar,25.0,3.9,moderate
B-HEX-d0.5-r0.05,dimple,spherical,sphere,,,,0.5,0.05,hexagonal,40.0,,,10.0,,27342.779881,0.697855,111.889674,,,1.117172,0.014108,0.014151,0.457586,0.471737,0.008491,-0.313974,4.1,0.0,separation-dominated,25.0,3.9,high
B-HEX-d0.5-r0.05,dimple,spherical,plate,,,,0.5,0.05,hexagonal,40.0,,,20.0,128069.226609,,1.16396,67.08374,,,1.863343,0.006774,0.006771,3.8e-05,0.006809,0.044677,-0.515323,2.5,0.0,laminar-transitional,25.0,3.9,moderate
B-HEX-d0.5-r0.05,dimple,spherical,sphere,,,,0.5,0.05,hexagonal,40.0,,,20.0,,54685.559762,1.282384,60.888753,,,2.052924,0.01466,0.014689,0.475214,0.489902,0.059002,-0.252885,4.1,0.0,separation-dominated,25.0,3.9,high
B-HEX-d0.5-r0.05,dimple,spherical,plate,,,,0.5,0.05,hexagonal,40.0,,,50.0,320173.066522,,2.641463,29.560421,,,4.228627,0.005582,0.005564,3.1e-05,0.005595,0.325747,-0.234253,2.5,0.0,laminar-transitional,25.0,3.9,moderate
B-HEX-d0.5-r0.05,dimple,spherical,sphere,,,,0.5,0.05,hexagonal,40.0,,,50.0,,136713.899405,2.889182,27.025911,,,4.625191,0.014708,0.013248,0.430022,0.443271,0.384953,9.582934,4.1,0.0,separation-dominated,25.0,3.9,high
B-HEX-d0.5-r0.1,dimple,spherical,plate,,,,0.5,0.1,hexagonal,40.0,,,1.0,6403.46133,,0.08504,918.18522,,,0.272276,0.014464,0.014464,0.000324,0.014788,8e-06,-2.239992,2.5,0.0,laminar,50.0,3.6,low
B-HEX-d0.5-r0.1,dimple,spherical,sphere,,,,0.5,0.1,hexagonal,40.0,,,1.0,,2734.277988,0.097016,804.841687,,,0.31062,0.011676,0.011765,0.380408,0.392173,1.7e-05,-0.761109,4.1,0.0,separation-dominated,50.0,3.6,low
B-HEX-d0.5-r0.1,dimple,spherical,plate,,,,0.5,0.1,hexagonal,40.0,,,5.0,32017.306652,,0.342095,228.248875,,,1.095296,0.009362,0.009362,0.00021,0.009572,0.004059,-2.235941,2.5,0.0,laminar,50.0,3.6,moderate
B-HEX-d0.5-r0.1,dimple,spherical,sphere,,,,0.5,0.1,hexagonal,40.0,,,5.0,,13671.389941,0.38203,204.389234,,,1.223156,0.013046,0.013134,0.424693,0.437827,0.005986,-0.680963,4.1,0.0,separation-dominated,50.0,3.6,high
B-HEX-d0.5-r0.1,dimple,spherical,plate,,,,0.5,0.1,hexagonal,40.0,,,10.0,64034.613304,,0.629421,124.0549,,,2.015237,0.007923,0.007921,0.000177,0.008099,0.028732,-2.211268,2.5,0.0,laminar,50.0,3.6,moderate
B-HEX-d0.5-r0.1,dimple,spherical,sphere,,,,0.5,0.1,hexagonal,40.0,,,10.0,,27342.779881,0.697855,111.889674,,,2.234344,0.014108,0.014191,0.459008,0.473198,0.038239,-0.624723,4.1,0.0,separation-dominated,50.0,3.6,high
B-HEX-d0.5-r0.1,dimple,spherical,plate,,,,0.5,0.1,hexagonal,40.0,,,20.0,128069.226609,,1.16396,67.08374,,,3.726686,0.006774,0.006765,0.000152,0.006917,0.129875,-2.110125,2.5,0.0,laminar-transitional,50.0,3.6,moderate
B-HEX-d0.5-r0.1,dimple,spherical,sphere,,,,0.5,0.1,hexagonal,40.0,,,20.0,,54685.559762,1.282384,60.888753,,,4.105849,0.01466,0.014687,0.47562,0.490307,0.157869,-0.335732,4.1,0.0,separation-dominated,50.0,3.6,high
B-HEX-d0.5-r0.1,dimple,spherical,plate,,,,0.5,0.1,hexagonal,40.0,,,50.0,320173.066522,,2.641463,29.560421,,,8.457254,0.005582,0.005556,0.000125,0.005681,0.469627,-1.770373,2.5,-128453.185636,laminar-transitional,50.0,3.6,moderate
B-HEX-d0.5-r0.1,dimple,spherical,sphere,,,,0.5,0.1,hexagonal,40.0,,,50.0,,136713.899405,2.889182,27.025911,,,9.250382,0.024513,0.017001,0.324692,0.341693,0.514004,30.30245,4.1,-149132.211613,separation-dominated,50.0,3.6,high
B-HEX-d0.5-r0.2,dimple,spherical,plate,,,,0.5,0.2,hexagonal,40.0,,,1.0,6403.46133,,0.08504,918.18522,,,0.544552,0.014464,0.014464,0.001296,0.01576,3.3e-05,-8.959967,2.5,0.0,laminar,100.0,2.3,low
B-HEX-d0.5-r0.2,dimple,spherical,sphere,,,,0.5,0.2,hexagonal,40.0,,,1.0,,2734.277988,0.097016,804.841687,,,0.62124,0.011676,0.011854,0.383281,0.395135,5.9e-05,-1.522218,4.1,0.0,separation-dominated,100.0,2.3,low
B-HEX-d0.5-r0.2,dimple,spherical,plate,,,,0.5,0.2,hexagonal,40.0,,,5.0,32017.306652,,0.342095,228.248875,,,2.190591,0.009362,0.009362,0.000839,0.010201,0.004895,-8.955105,2.5,0.0,laminar,100.0,2.3,moderate
B-HEX-d0.5-r0.2,dimple,spherical,sphere,,,,0.5,0.2,hexagonal,40.0,,,5.0,,13671.389941,0.38203,204.389234,,,2.446313,0.013046,0.013223,0.427565,0.440788,0.006568,-1.361883,4.1,0.0,separation-dominated,100.0,2.3,high
B-HEX-d0.5-r0.2,dimple,spherical,plate,,,,0.5,0.2,hexagonal,40.0,,,10.0,64034.613304,,0.629421,124.0549,,,4.030474,0.007923,0.007922,0.00071,0.008632,0.020562,-8.939438,2.5,0.0,laminar,100.0,2.3,moderate
B-HEX-d0.5-r0.2,dimple,spherical,sphere,,,,0.5,0.2,hexagonal,40.0,,,10.0,,27342.779881,0.697855,111.889674,,,4.468688,0.014108,0.014279,0.461798,0.476077,0.025053,-1.236919,4.1,0.0,separation-dominated,100.0,2.3,high
B-HEX-d0.5-r0.2,dimple,spherical,plate,,,,0.5,0.2,hexagonal,40.0,,,20.0,128069.226609,,1.16396,67.08374,,,7.453371,0.006774,0.00677,0.000607,0.007377,0.054923,-8.905077,2.5,-98502.285219,laminar-transitional,100.0,2.3,moderate
B-HEX-d0.5-r0.2,dimple,spherical,sphere,,,,0.5,0.2,hexagonal,40.0,,,20.0,,54685.559762,1.282384,60.888753,,,8.211697,0.01466,0.01462,0.472994,0.487614,0.061449,0.215373,4.1,-121547.484821,separation-dominated,100.0,2.3,high
B-HEX-d0.5-r0.2,dimple,spherical,plate,,,,0.5,0.2,hexagonal,40.0,,,50.0,320173.066522,,2.641463,29.560421,,,16.914509,0.005582,0.005576,0.0005,0.006077,0.098496,-8.861504,2.5,-271840.65367,laminar-transitional,100.0,2.3,moderate
B-HEX-d0.5-r0.2,dimple,spherical,sphere,,,,0.5,0.2,hexagonal,40.0,,,50.0,,136713.899405,2.889182,27.025911,,,18.500764,0.024513,0.012563,0.238935,0.251498,0.099843,48.700124,4.1,-287240.958659,separation-dominated,100.0,2.3,high
B-HEX-d0.5-r0.3,dimple,spherical,plate,,,,0.5,0.3,hexagonal,40.0,,,1.0,6403.46133,,0.08504,918.18522,,,0.816829,0.014464,0.014464,0.002916,0.01738,3e-05,-20.15997,2.5,0.0,laminar,150.0,2.12,low
B-HEX-d0.5-r0.3,dimple,spherical,sphere,,,,0.5,0.3,hexagonal,40.0,,,1.0,,2734.277988,0.097016,804.841687,,,0.93186,0.011676,0.011943,0.386155,0.398098,5e-05,-2.283328,4.1,0.0,separation-dominated,150.0,2.12,low
B-HEX-d0.5-r0.3,dimple,spherical,plate,,,,0.5,0.3,hexagonal,40.0,,,5.0,32017.306652,,0.342095,228.248875,,,3.285887,0.009362,0.009362,0.001887,0.01125,0.002235,-20.157765,2.5,0.0,laminar,150.0,2.12,moderate
B-HEX-d0.5-r0.3,dimple,spherical,sphere,,,,0.5,0.3,hexagonal,40.0,,,5.0,,13671.389941,0.38203,204.389234,,,3.669469,0.013046,0.013312,0.430436,0.443749,0.002837,-2.042652,4.1,0.0,separation-dominated,150.0,2.12,high
B-HEX-d0.5-r0.3,dimple,spherical,plate,,,,0.5,0.3,hexagonal,40.0,,,10.0,64034.613304,,0.629421,124.0549,,,6.04571,0.007923,0.007923,0.001597,0.00952,0.006918,-20.153082,2.5,-47335.589239,laminar,150.0,2.12,moderate
B-HEX-d0.5-r0.3,dimple,spherical,sphere,,,,0.5,0.3,hexagonal,40.0,,,10.0,,27342.779881,0.697855,111.889674,,,6.703031,0.014108,0.014365,0.464501,0.478866,0.008004,-1.829916,4.1,-72760.267952,separation-dominated,150.0,2.12,high
B-HEX-d0.5-r0.3,dimple,spherical,plate,,,,0.5,0.3,hexagonal,40.0,,,20.0,128069.226609,,1.16396,67.08374,,,11.180057,0.006774,0.006773,0.001366,0.008139,0.013583,-20.146417,2.5,-190977.593466,laminar-transitional,150.0,2.12,moderate
B-HEX-d0.5-r0.3,dimple,spherical,sphere,,,,0.5,0.3,hexagonal,40.0,,,20.0,,54685.559762,1.282384,60.888753,,,12.317546,0.01466,0.014385,0.465171,0.479556,0.014478,1.864423,4.1,-211275.483377,separation-dominated,150.0,2.12,high
B-HEX-d0.5-r0.3,dimple,spherical,plate,,,,0.5,0.3,hexagonal,40.0,,,50.0,320173.066522,,2.641463,29.560421,,,25.371763,0.005582,0.005581,0.001125,0.006706,0.016163,-20.143837,2.5,-335373.40357,laminar-transitional,150.0,2.12,moderate
B-HEX-d0.5-r0.3,dimple,spherical,sphere,,,,0.5,0.3,hexagonal,40.0,,,50.0,,136713.899405,2.889182,27.025911,,,27.751146,0.024513,0.011678,0.221916,0.233594,0.015665,52.352123,4.1,-347333.585796,separation-dominated,150.0,2.12,high
B-HEX-d1.0-r0.05,dimple,spherical,plate,,,,1.0,0.05,hexagonal,40.0,,,1.0,6403.46133,,0.08504,918.18522,,,0.272276,0.014464,0.014464,8.1e-05,0.014545,1.6e-05,-0.559984,2.5,0.0,laminar,50.0,3.6,low
B-HEX-d1.0-r0.05,dimple,spherical,sphere,,,,1.0,0.05,hexagonal,40.0,,,1.0,,2734.277988,0.097016,804.841687,,,0.31062,0.011676,0.011765,0.380408,0.392173,3.2e-05,-0.761109,4.1,0.0,separation-dominated,50.0,3.6,low
B-HEX-d1.0-r0.05,dimple,spherical,plate,,,,1.0,0.05,hexagonal,40.0,,,5.0,32017.306652,,0.342095,228.248875,,,1.095296,0.009362,0.009362,5.2e-05,0.009414,0.007911,-0.552089,2.5,0.0,laminar,50.0,3.6,moderate
B-HEX-d1.0-r0.05,dimple,spherical,sphere,,,,1.0,0.05,hexagonal,40.0,,,5.0,,13671.389941,0.38203,204.389234,,,1.223156,0.013046,0.013133,0.424693,0.437826,0.011666,-0.680792,4.1,0.0,separation-dominated,50.0,3.6,high
B-HEX-d1.0-r0.05,dimple,spherical,plate,,,,1.0,0.05,hexagonal,40.0,,,10.0,64034.613304,,0.629421,124.0549,,,2.015237,0.007923,0.007919,4.4e-05,0.007963,0.055997,-0.504003,2.5,0.0,laminar,50.0,3.6,moderate
B-HEX-d1.0-r0.05,dimple,spherical,sphere,,,,1.0,0.05,hexagonal,40.0,,,10.0,,27342.779881,0.697855,111.889674,,,2.234344,0.014108,0.014186,0.459008,0.473193,0.074526,-0.623627,4.1,0.0,separation-dominated,50.0,3.6,high
B-HEX-d1.0-r0.05,dimple,spherical,plate,,,,1.0,0.05,hexagonal,40.0,,,20.0,128069.226609,,1.16396,67.08374,,,3.726686,0.006774,0.006757,3.8e-05,0.006795,0.253121,-0.306879,2.5,0.0,laminar-transitional,50.0,3.6,moderate
B-HEX-d1.0-r0.05,dimple,spherical,sphere,,,,1.0,0.05,hexagonal,40.0,,,20.0,,54685.559762,1.282384,60.888753,,,4.105849,0.01466,0.014665,0.47562,0.490285,0.30768,-0.331223,4.1,0.0,separation-dominated,50.0,3.6,high
B-HEX-d1.0-r0.05,dimple,spherical,plate,,,,1.0,0.05,hexagonal,40.0,,,50.0,320173.066522,,2.641463,29.560421,,,8.457254,0.005582,0.005531,3.1e-05,0.005562,0.915285,0.355285,2.5,-128453.185636,laminar-transitional,50.0,3.6,moderate
B-HEX-d1.0-r0.05,dimple,spherical,sphere,,,,1.0,0.05,hexagonal,40.0,,,50.0,,136713.899405,2.889182,27.025911,,,9.250382,0.024513,0.016918,0.324692,0.34161,1.001774,30.319453,4.1,-149132.211613,separation-dominated,50.0,3.6,high
B-HEX-d1.0-r0.1,dimple,spherical,plate,,,,1.0,0.1,hexagonal,40.0,,,1.0,6403.46133,,0.08504,918.18522,,,0.544552,0.014464,0.014464,0.000324,0.014788,0.000245,-2.239755,2.5,0.0,laminar,100.0,2.3,low
B-HEX-d1.0-r0.1,dimple,spherical,sphere,,,,1.0,0.1,hexagonal,40.0,,,1.0,,2734.277988,0.097016,804.841687,,,0.62124,0.011676,0.011854,0.383281,0.395135,0.000436,-1.522206,4.1,0.0,separation-dominated,100.0,2.3,low
B-HEX-d1.0-r0.1,dimple,spherical,plate,,,,1.0,0.1,hexagonal,40.0,,,5.0,32017.306652,,0.342095,228.248875,,,2.190591,0.009362,0.009359,0.00021,0.009569,0.036238,-2.203762,2.5,0.0,laminar,100.0,2.3,moderate
B-HEX-d1.0-r0.1,dimple,spherical,sphere,,,,1.0,0.1,hexagonal,40.0,,,5.0,,13671.389941,0.38203,204.389234,,,2.446313,0.013046,0.013217,0.427565,0.440783,0.04862,-1.360604,4.1,0.0,separation-dominated,100.0,2.3,high
B-HEX-d1.0-r0.1,dimple,spherical,plate,,,,1.0,0.1,hexagonal,40.0,,,10.0,64034.613304,,0.629421,124.0549,,,4.030474,0.007923,0.007911,0.000177,0.008089,0.152221,-2.087779,2.5,0.0,laminar,100.0,2.3,moderate
B-HEX-d1.0-r0.1,dimple,spherical,sphere,,,,1.0,0.1,hexagonal,40.0,,,10.0,,27342.779881,0.697855,111.889674,,,4.468688,0.014108,0.014256,0.461798,0.476054,0.185465,-1.232047,4.1,0.0,separation-dominated,100.0,2.3,high
B-HEX-d1.0-r0.1,dimple,spherical,plate,,,,1.0,0.1,hexagonal,40.0,,,20.0,128069.226609,,1.16396,67.08374,,,7.453371,0.006774,0.006746,0.000152,0.006898,0.406594,-1.833406,2.5,-98502.285219,laminar-transitional,100.0,2.3,moderate
B-HEX-d1.0-r0.1,dimple,spherical,sphere,,,,1.0,0.1,hexagonal,40.0,,,20.0,,54685.559762,1.282384,60.888753,,,8.211697,0.01466,0.014562,0.472994,0.487556,0.454908,0.227151,4.1,-121547.484821,separation-dominated,100.0,2.3,high
B-HEX-d1.0-r0.1,dimple,spherical,plate,,,,1.0,0.1,hexagonal,40.0,,,50.0,320173.066522,,2.641463,29.560421,,,16.914509,0.005582,0.005541,0.000125,0.005666,0.729167,-1.510833,2.5,-271840.65367,laminar-transitional,100.0,2.3,moderate
B-HEX-d1.0-r0.1,dimple,spherical,sphere,,,,1.0,0.1,hexagonal,40.0,,,50.0,,136713.899405,2.889182,27.025911,,,18.500764,0.024513,0.012483,0.238935,0.251418,0.739139,48.716523,4.1,-287240.958659,separation-dominated,100.0,2.3,high
B-HEX-d1.0-r0.2,dimple,spherical,plate,,,,1.0,0.2,hexagonal,40.0,,,1.0,6403.46133,,0.08504,918.18522,,,1.089105,0.014464,0.014464,0.001296,0.01576,0.000537,-8.959463,2.5,0.0,laminar,200.0,2.0,low
B-HEX-d1.0-r0.2,dimple,spherical,sphere,,,,1.0,0.2,hexagonal,40.0,,,1.0,,2734.277988,0.097016,804.841687,,,1.24248,0.011676,0.012032,0.389028,0.40106,0.000853,-3.044413,4.1,0.0,separation-dominated,200.0,2.0,low
B-HEX-d1.0-r0.2,dimple,spherical,plate,,,,1.0,0.2,hexagonal,40.0,,,5.0,32017.306652,,0.342095,228.248875,,,4.381183,0.009362,0.00936,0.000839,0.010199,0.024147,-8.935853,2.5,0.0,laminar,200.0,2.0,moderate
B-HEX-d1.0-r0.2,dimple,spherical,sphere,,,,1.0,0.2,hexagonal,40.0,,,5.0,,13671.389941,0.38203,204.389234,,,4.892626,0.013046,0.013397,0.433306,0.446703,0.029477,-2.722155,4.1,0.0,separation-dominated,200.0,2.0,high
B-HEX-d1.0-r0.2,dimple,spherical,plate,,,,1.0,0.2,hexagonal,40.0,,,10.0,64034.613304,,0.629421,124.0549,,,8.060947,0.007923,0.007919,0.00071,0.008629,0.060198,-8.899802,2.5,-117179.373612,laminar,200.0,2.0,moderate
B-HEX-d1.0-r0.2,dimple,spherical,sphere,,,,1.0,0.2,hexagonal,40.0,,,10.0,,27342.779881,0.697855,111.889674,,,8.937375,0.014108,0.014437,0.4671,0.481537,0.067144,-2.397861,4.1,-141252.393104,separation-dominated,200.0,2.0,high
B-HEX-d1.0-r0.2,dimple,spherical,plate,,,,1.0,0.2,hexagonal,40.0,,,20.0,128069.226609,,1.16396,67.08374,,,14.906742,0.006774,0.006768,0.000607,0.007375,0.095014,-8.864986,2.5,-248828.814013,laminar-transitional,200.0,2.0,moderate
B-HEX-d1.0-r0.2,dimple,spherical,sphere,,,,1.0,0.2,hexagonal,40.0,,,20.0,,54685.559762,1.282384,60.888753,,,16.423394,0.01466,0.013983,0.452559,0.466542,0.097845,4.527616,4.1,-266610.278933,separation-dominated,200.0,2.0,high
B-HEX-d1.0-r0.2,dimple,spherical,plate,,,,1.0,0.2,hexagonal,40.0,,,50.0,320173.066522,,2.641463,29.560421,,,33.829018,0.005582,0.005577,0.0005,0.006077,0.084506,-8.875494,2.5,-371230.32432,laminar-transitional,200.0,2.0,moderate
B-HEX-d1.0-r0.2,dimple,spherical,sphere,,,,1.0,0.2,hexagonal,40.0,,,50.0,,136713.899405,2.889182,27.025911,,,37.001528,0.024513,0.011572,0.22004,0.231612,0.079337,52.756469,4.1,-380956.711343,separation-dominated,200.0,2.0,high
B-HEX-d1.0-r0.3,dimple,spherical,plate,,,,1.0,0.3,hexagonal,40.0,,,1.0,6403.46133,,0.08504,918.18522,,,1.633657,0.014464,0.014464,0.002916,0.01738,0.000348,-20.159652,2.5,0.0,laminar,300.0,2.0,low
B-HEX-d1.0-r0.3,dimple,spherical,sphere,,,,1.0,0.3,hexagonal,40.0,,,1.0,,2734.277988,0.097016,804.841687,,,1.863721,0.011676,0.012209,0.394775,0.406985,0.000517,-4.566642,4.1,0.0,separation-dominated,300.0,2.0,low
B-HEX-d1.0-r0.3,dimple,spherical,plate,,,,1.0,0.3,hexagonal,40.0,,,5.0,32017.306652,,0.342095,228.248875,,,6.571774,0.009362,0.009362,0.001887,0.011249,0.007792,-20.152208,2.5,-67914.129743,laminar,300.0,2.0,moderate
B-HEX-d1.0-r0.3,dimple,spherical,sphere,,,,1.0,0.3,hexagonal,40.0,,,5.0,,13671.389941,0.38203,204.389234,,,7.338938,0.013046,0.013577,0.439041,0.452618,0.009,-4.082304,4.1,-94778.753265,separation-dominated,300.0,2.0,high
B-HEX-d1.0-r0.3,dimple,spherical,plate,,,,1.0,0.3,hexagonal,40.0,,,10.0,64034.613304,,0.629421,124.0549,,,12.091421,0.007923,0.007922,0.001597,0.00952,0.014315,-20.145685,2.5,-207455.568198,laminar,300.0,2.0,moderate
B-HEX-d1.0-r0.3,dimple,spherical,sphere,,,,1.0,0.3,hexagonal,40.0,,,10.0,,27342.779881,0.697855,111.889674,,,13.406063,0.014108,0.014594,0.471946,0.48654,0.015163,-3.461847,4.1,-228350.378152,separation-dominated,300.0,2.0,high
B-HEX-d1.0-r0.3,dimple,spherical,plate,,,,1.0,0.3,hexagonal,40.0,,,20.0,128069.226609,,1.16396,67.08374,,,22.360113,0.006774,0.006773,0.001366,0.008139,0.016609,-20.143391,2.5,-317252.216867,laminar-transitional,300.0,2.0,moderate
B-HEX-d1.0-r0.3,dimple,spherical,sphere,,,,1.0,0.3,hexagonal,40.0,,,20.0,,54685.559762,1.282384,60.888753,,,24.635091,0.01466,0.012951,0.41883,0.431782,0.016294,11.640781,4.1,-331281.100309,separation-dominated,300.0,2.0,high
B-HEX-d1.0-r0.3,dimple,spherical,plate,,,,1.0,0.3,hexagonal,40.0,,,50.0,320173.066522,,2.641463,29.560421,,,50.743526,0.005582,0.005581,0.001125,0.006707,0.009802,-20.150198,2.5,-410303.485868,laminar-transitional,300.0,2.0,moderate
B-HEX-d1.0-r0.3,dimple,spherical,sphere,,,,1.0,0.3,hexagonal,40.0,,,50.0,,136713.899405,2.889182,27.025911,,,55.502292,0.024513,0.011921,0.226528,0.238449,0.008798,51.361847,4.1,-417358.502342,separation-dominated,300.0,2.0,high
B-HEX-d2.0-r0.05,dimple,spherical,plate,,,,2.0,0.05,hexagonal,40.0,,,1.0,6403.46133,,0.08504,918.18522,,,0.544552,0.014464,0.014464,8.1e-05,0.014545,0.000478,-0.559522,2.5,0.0,laminar,100.0,2.3,low
B-HEX-d2.0-r0.05,dimple,spherical,sphere,,,,2.0,0.05,hexagonal,40.0,,,1.0,,2734.277988,0.097016,804.841687,,,0.62124,0.011676,0.011854,0.383281,0.395135,0.000849,-1.522194,4.1,0.0,separation-dominated,100.0,2.3,low
B-HEX-d2.0-r0.05,dimple,spherical,plate,,,,2.0,0.05,hexagonal,40.0,,,5.0,32017.306652,,0.342095,228.248875,,,2.190591,0.009362,0.009356,5.2e-05,0.009408,0.070626,-0.489374,2.5,0.0,laminar,100.0,2.3,moderate
B-HEX-d2.0-r0.05,dimple,spherical,sphere,,,,2.0,0.05,hexagonal,40.0,,,5.0,,13671.389941,0.38203,204.389234,,,2.446313,0.013046,0.013211,0.427565,0.440776,0.094758,-1.359201,4.1,0.0,separation-dominated,100.0,2.3,high
B-HEX-d2.0-r0.05,dimple,spherical,plate,,,,2.0,0.05,hexagonal,40.0,,,10.0,64034.613304,,0.629421,124.0549,,,4.030474,0.007923,0.0079,4.4e-05,0.007944,0.296673,-0.263327,2.5,0.0,laminar,100.0,2.3,moderate
B-HEX-d2.0-r0.05,dimple,spherical,sphere,,,,2.0,0.05,hexagonal,40.0,,,10.0,,27342.779881,0.697855,111.889674,,,4.468688,0.014108,0.014231,0.461798,0.476029,0.361464,-1.226702,4.1,0.0,separation-dominated,100.0,2.3,high
B-HEX-d2.0-r0.05,dimple,spherical,plate,,,,2.0,0.05,hexagonal,40.0,,,20.0,128069.226609,,1.16396,67.08374,,,7.453371,0.006774,0.00672,3.8e-05,0.006758,0.792436,0.232436,2.5,-98502.285219,laminar-transitional,100.0,2.3,moderate
B-HEX-d2.0-r0.05,dimple,spherical,sphere,,,,2.0,0.05,hexagonal,40.0,,,20.0,,54685.559762,1.282384,60.888753,,,8.211697,0.01466,0.014499,0.472994,0.487493,0.886597,0.240074,4.1,-121547.484821,separation-dominated,100.0,2.3,high
B-HEX-d2.0-r0.05,dimple,spherical,plate,,,,2.0,0.05,hexagonal,40.0,,,50.0,320173.066522,,2.641463,29.560421,,,16.914509,0.005582,0.005503,3.1e-05,0.005534,1.421118,0.861118,2.5,-271840.65367,laminar-transitional,100.0,2.3,moderate
B-HEX-d2.0-r0.05,dimple,spherical,sphere,,,,2.0,0.05,hexagonal,40.0,,,50.0,,136713.899405,2.889182,27.025911,,,18.500764,0.024513,0.012394,0.238935,0.25133,1.440553,48.734515,4.1,-287240.958659,separation-dominated,100.0,2.3,high
B-HEX-d2.0-r0.1,dimple,spherical,plate,,,,2.0,0.1,hexagonal,40.0,,,1.0,6403.46133,,0.08504,918.18522,,,1.089105,0.014464,0.014463,0.000324,0.014787,0.003978,-2.236022,2.5,0.0,laminar,200.0,2.0,low
B-HEX-d2.0-r0.1,dimple,spherical,sphere,,,,2.0,0.1,hexagonal,40.0,,,1.0,,2734.277988,0.097016,804.841687,,,1.24248,0.011676,0.012031,0.389028,0.401059,0.006318,-3.044244,4.1,0.0,separation-dominated,200.0,2.0,low
B-HEX-d2.0-r0.1,dimple,spherical,plate,,,,2.0,0.1,hexagonal,40.0,,,5.0,32017.306652,,0.342095,228.248875,,,4.381183,0.009362,0.009346,0.00021,0.009555,0.178759,-2.061241,2.5,0.0,laminar,200.0,2.0,moderate
B-HEX-d2.0-r0.1,dimple,spherical,sphere,,,,2.0,0.1,hexagonal,40.0,,,5.0,,13671.389941,0.38203,204.389234,,,4.892626,0.013046,0.013372,0.433306,0.446678,0.218216,-2.716339,4.1,0.0,separation-dominated,200.0,2.0,high
B-HEX-d2.0-r0.1,dimple,spherical,plate,,,,2.0,0.1,hexagonal,40.0,,,10.0,64034.613304,,0.629421,124.0549,,,8.060947,0.007923,0.007888,0.000177,0.008066,0.445644,-1.794356,2.5,-117179.373612,laminar,200.0,2.0,moderate
B-HEX-d2.0-r0.1,dimple,spherical,sphere,,,,2.0,0.1,hexagonal,40.0,,,10.0,,27342.779881,0.697855,111.889674,,,8.937375,0.014108,0.014375,0.4671,0.481475,0.49707,-2.384654,4.1,-141252.393104,separation-dominated,200.0,2.0,high
B-HEX-d2.0-r0.1,dimple,spherical,plate,,,,2.0,0.1,hexagonal,40.0,,,20.0,128069.226609,,1.16396,67.08374,,,14.906742,0.006774,0.006726,0.000152,0.006878,0.703388,-1.536612,2.5,-248828.814013,laminar-transitional,200.0,2.0,moderate
B-HEX-d2.0-r0.1,dimple,spherical,sphere,,,,2.0,0.1,hexagonal,40.0,,,20.0,,54685.559762,1.282384,60.888753,,,16.423394,0.01466,0.013895,0.452559,0.466454,0.724348,4.545561,4.1,-266610.278933,separation-dominated,200.0,2.0,high
B-HEX-d2.0-r0.1,dimple,spherical,plate,,,,2.0,0.1,hexagonal,40.0,,,50.0,320173.066522,,2.641463,29.560421,,,33.829018,0.005582,0.005547,0.000125,0.005672,0.625602,-1.614398,2.5,-371230.32432,laminar-transitional,200.0,2.0,moderate
B-HEX-d2.0-r0.1,dimple,spherical,sphere,,,,2.0,0.1,hexagonal,40.0,,,50.0,,136713.899405,2.889182,27.025911,,,37.001528,0.024513,0.011513,0.22004,0.231553,0.587332,52.768469,4.1,-380956.711343,separation-dominated,200.0,2.0,high
B-HEX-d2.0-r0.2,dimple,spherical,plate,,,,2.0,0.2,hexagonal,40.0,,,1.0,6403.46133,,0.08504,918.18522,,,2.17821,0.014464,0.014463,0.001296,0.015759,0.00482,-8.95518,2.5,0.0,laminar,400.0,2.0,low
B-HEX-d2.0-r0.2,dimple,spherical,sphere,,,,2.0,0.2,hexagonal,40.0,,,1.0,,2734.277988,0.097016,804.841687,,,2.484961,0.011676,0.012386,0.400522,0.412908,0.006839,-6.08866,4.1,0.0,separation-dominated,400.0,2.0,low
B-HEX-d2.0-r0.2,dimple,spherical,plate,,,,2.0,0.2,hexagonal,40.0,,,5.0,32017.306652,,0.342095,228.248875,,,8.762365,0.009362,0.009356,0.000839,0.010195,0.065821,-8.894179,2.5,-136690.356428,laminar,400.0,2.0,moderate
B-HEX-d2.0-r0.2,dimple,spherical,sphere,,,,2.0,0.2,hexagonal,40.0,,,5.0,,13671.389941,0.38203,204.389234,,,9.785251,0.013046,0.013746,0.444769,0.458514,0.073105,-5.438143,4.1,-161825.157083,separation-dominated,400.0,2.0,high
B-HEX-d2.0-r0.2,dimple,spherical,plate,,,,2.0,0.2,hexagonal,40.0,,,10.0,64034.613304,,0.629421,124.0549,,,16.121894,0.007923,0.007916,0.00071,0.008626,0.097384,-8.862616,2.5,-263278.809614,laminar,400.0,2.0,moderate
B-HEX-d2.0-r0.2,dimple,spherical,sphere,,,,2.0,0.2,hexagonal,40.0,,,10.0,,27342.779881,0.697855,111.889674,,,17.87475,0.014108,0.014716,0.476283,0.490999,0.09944,-4.409907,4.1,-281418.38001,separation-dominated,400.0,2.0,high
B-HEX-d2.0-r0.2,dimple,spherical,plate,,,,2.0,0.2,hexagonal,40.0,,,20.0,128069.226609,,1.16396,67.08374,,,29.813484,0.006774,0.006768,0.000607,0.007375,0.090828,-8.869172,2.5,-356377.488766,laminar-transitional,400.0,2.0,moderate
B-HEX-d2.0-r0.2,dimple,spherical,sphere,,,,2.0,0.2,hexagonal,40.0,,,20.0,,54685.559762,1.282384,60.888753,,,32.846788,0.01466,0.011893,0.384864,0.396757,0.086092,18.808254,4.1,-367888.394033,separation-dominated,400.0,2.0,high
B-HEX-d2.0-r0.2,dimple,spherical,plate,,,,2.0,0.2,hexagonal,40.0,,,50.0,320173.066522,,2.641463,29.560421,,,67.658035,0.005582,0.00558,0.0005,0.00608,0.040064,-8.919936,2.5,-431184.486481,laminar-transitional,400.0,2.0,moderate
B-HEX-d2.0-r0.2,dimple,spherical,sphere,,,,2.0,0.2,hexagonal,40.0,,,50.0,,136713.899405,2.889182,27.025911,,,74.003056,0.024513,0.012436,0.23636,0.248796,0.034836,49.251301,4.1,-436711.308698,separation-dominated,400.0,2.0,high
B-HEX-d2.0-r0.3,dimple,spherical,plate,,,,2.0,0.3,hexagonal,40.0,,,1.0,6403.46133,,0.08504,918.18522,,,3.267315,0.014464,0.014463,0.002916,0.017379,0.002207,-20.157793,2.5,0.0,laminar,600.0,2.0,low
B-HEX-d2.0-r0.3,dimple,spherical,sphere,,,,2.0,0.3,hexagonal,40.0,,,1.0,,2734.277988,0.097016,804.841687,,,3.727441,0.011676,0.012742,0.412016,0.424758,0.002931,-9.13322,4.1,0.0,separation-dominated,600.0,2.0,low
B-HEX-d2.0-r0.3,dimple,spherical,plate,,,,2.0,0.3,hexagonal,40.0,,,5.0,32017.306652,,0.342095,228.248875,,,13.143548,0.009362,0.009361,0.001887,0.011248,0.015012,-20.144988,2.5,-224419.939804,laminar,600.0,2.0,moderate
B-HEX-d2.0-r0.3,dimple,spherical,sphere,,,,2.0,0.3,hexagonal,40.0,,,5.0,,13671.389941,0.38203,204.389234,,,14.677877,0.013046,0.014107,0.456202,0.470309,0.015777,-8.150383,4.1,-245907.546168,separation-dominated,600.0,2.0,high
B-HEX-d2.0-r0.3,dimple,spherical,plate,,,,2.0,0.3,hexagonal,40.0,,,10.0,64034.613304,,0.629421,124.0549,,,24.182842,0.007923,0.007922,0.001597,0.009519,0.016369,-20.143631,2.5,-328666.445411,laminar,600.0,2.0,moderate
B-HEX-d2.0-r0.3,dimple,spherical,sphere,,,,2.0,0.3,hexagonal,40.0,,,10.0,,27342.779881,0.697855,111.889674,,,26.812126,0.014108,0.014948,0.483383,0.49833,0.015873,-5.968992,4.1,-342827.226885,separation-dominated,600.0,2.0,high
B-HEX-d2.0-r0.3,dimple,spherical,plate,,,,2.0,0.3,hexagonal,40.0,,,20.0,128069.226609,,1.16396,67.08374,,,44.720226,0.006774,0.006773,0.001366,0.008139,0.011223,-20.148777,2.5,-399437.303508,laminar-transitional,600.0,2.0,moderate
B-HEX-d2.0-r0.3,dimple,spherical,sphere,,,,2.0,0.3,hexagonal,40.0,,,20.0,,54685.559762,1.282384,60.888753,,,49.270183,0.01466,0.010577,0.342025,0.352602,0.010134,27.84408,4.1,-407868.377137,separation-dominated,600.0,2.0,high
B-HEX-d2.0-r0.3,dimple,spherical,plate,,,,2.0,0.3,hexagonal,40.0,,,50.0,320173.066522,,2.641463,29.560421,,,101.487053,0.005582,0.005582,0.001125,0.006707,0.003285,-20.156715,2.5,-453045.934955,laminar-transitional,600.0,2.0,moderate
B-HEX-d2.0-r0.3,dimple,spherical,sphere,,,,2.0,0.3,hexagonal,40.0,,,50.0,,136713.899405,2.889182,27.025911,,,111.004583,0.024513,0.013579,0.258011,0.27159,0.002731,44.601904,4.1,-456898.254783,separation-dominated,600.0,2.0,high
B-HEX-d5.0-r0.05,dimple,spherical,plate,,,,5.0,0.05,hexagonal,40.0,,,1.0,6403.46133,,0.08504,918.18522,,,1.361381,0.014464,0.014461,8.1e-05,0.014542,0.01676,-0.54324,2.5,0.0,laminar,250.0,2.0,low
B-HEX-d5.0-r0.05,dimple,spherical,sphere,,,,5.0,0.05,hexagonal,40.0,,,1.0,,2734.277988,0.097016,804.841687,,,1.5531,0.011676,0.012118,0.391902,0.404019,0.025671,-3.804749,4.1,0.0,separation-dominated,250.0,2.0,low
B-HEX-d5.0-r0.05,dimple,spherical,plate,,,,5.0,0.05,hexagonal,40.0,,,5.0,32017.306652,,0.342095,228.248875,,,5.476478,0.009362,0.009314,5.2e-05,0.009367,0.513319,-0.046681,2.5,-22740.383075,laminar,250.0,2.0,moderate
B-HEX-d5.0-r0.05,dimple,spherical,sphere,,,,5.0,0.05,hexagonal,40.0,,,5.0,,13671.389941,0.38203,204.389234,,,6.115782,0.013046,0.013408,0.436174,0.449582,0.607851,-3.384165,4.1,-50189.091357,separation-dominated,250.0,2.0,high
B-HEX-d5.0-r0.05,dimple,spherical,plate,,,,5.0,0.05,hexagonal,40.0,,,10.0,64034.613304,,0.629421,124.0549,,,10.076184,0.007923,0.007838,4.4e-05,0.007882,1.081835,0.521835,2.5,-168351.090212,laminar,250.0,2.0,moderate
B-HEX-d5.0-r0.05,dimple,spherical,sphere,,,,5.0,0.05,hexagonal,40.0,,,10.0,,27342.779881,0.697855,111.889674,,,11.171719,0.014108,0.014353,0.469584,0.483937,1.17285,-2.908331,4.1,-190818.273594,separation-dominated,250.0,2.0,high
B-HEX-d5.0-r0.05,dimple,spherical,plate,,,,5.0,0.05,hexagonal,40.0,,,20.0,128069.226609,,1.16396,67.08374,,,18.633428,0.006774,0.006676,3.8e-05,0.006714,1.441498,0.881498,2.5,-288435.257766,laminar-transitional,250.0,2.0,moderate
B-HEX-d5.0-r0.05,dimple,spherical,sphere,,,,5.0,0.05,hexagonal,40.0,,,20.0,,54685.559762,1.282384,60.888753,,,20.529243,0.01466,0.013305,0.436517,0.449822,1.445354,7.949078,4.1,-304146.168946,separation-dominated,250.0,2.0,high
B-HEX-d5.0-r0.05,dimple,spherical,plate,,,,5.0,0.05,hexagonal,40.0,,,50.0,320173.066522,,2.641463,29.560421,,,42.286272,0.005582,0.005525,3.1e-05,0.005556,1.022988,0.462988,2.5,-394261.065803,laminar-transitional,250.0,2.0,moderate
B-HEX-d5.0-r0.05,dimple,spherical,sphere,,,,5.0,0.05,hexagonal,40.0,,,50.0,,136713.899405,2.889182,27.025911,,,46.25191,0.024513,0.0116,0.222487,0.234087,0.936981,52.25157,4.1,-402442.659752,separation-dominated,250.0,2.0,high
B-HEX-d5.0-r0.1,dimple,spherical,plate,,,,5.0,0.1,hexagonal,40.0,,,1.0,6403.46133,,0.08504,918.18522,,,2.722762,0.014464,0.014454,0.000324,0.014778,0.063732,-2.176268,2.5,0.0,laminar,500.0,2.0,low
B-HEX-d5.0-r0.1,dimple,spherical,sphere,,,,5.0,0.1,hexagonal,40.0,,,1.0,,2734.277988,0.097016,804.841687,,,3.106201,0.011676,0.012554,0.406269,0.418823,0.08721,-7.608282,4.1,0.0,separation-dominated,500.0,2.0,low
B-HEX-d5.0-r0.1,dimple,spherical,plate,,,,5.0,0.1,hexagonal,40.0,,,5.0,32017.306652,,0.342095,228.248875,,,10.952957,0.009362,0.009307,0.00021,0.009516,0.593144,-1.646856,2.5,-186578.47245,laminar,500.0,2.0,moderate
B-HEX-d5.0-r0.1,dimple,spherical,sphere,,,,5.0,0.1,hexagonal,40.0,,,5.0,,13671.389941,0.38203,204.389234,,,12.231564,0.013046,0.013844,0.450489,0.464333,0.639053,-6.776098,4.1,-209834.812313,separation-dominated,500.0,2.0,high
B-HEX-d5.0-r0.1,dimple,spherical,plate,,,,5.0,0.1,hexagonal,40.0,,,10.0,64034.613304,,0.629421,124.0549,,,20.152368,0.007923,0.007865,0.000177,0.008042,0.741889,-1.498111,2.5,-301211.560484,laminar,500.0,2.0,moderate
B-HEX-d5.0-r0.1,dimple,spherical,sphere,,,,5.0,0.1,hexagonal,40.0,,,10.0,,27342.779881,0.697855,111.889674,,,22.343438,0.014108,0.014739,0.480092,0.494831,0.736314,-5.224765,4.1,-317140.770694,separation-dominated,500.0,2.0,high
B-HEX-d5.0-r0.1,dimple,spherical,plate,,,,5.0,0.1,hexagonal,40.0,,,20.0,128069.226609,,1.16396,67.08374,,,37.266855,0.006774,0.006734,0.000152,0.006886,0.584135,-1.655865,2.5,-381703.997215,laminar-transitional,500.0,2.0,moderate
B-HEX-d5.0-r0.1,dimple,spherical,sphere,,,,5.0,0.1,hexagonal,40.0,,,20.0,,54685.559762,1.282384,60.888753,,,41.058486,0.01466,0.011035,0.358738,0.369773,0.539093,24.330216,4.1,-391442.370677,separation-dominated,500.0,2.0,high
B-HEX-d5.0-r0.1,dimple,spherical,plate,,,,5.0,0.1,hexagonal,40.0,,,50.0,320173.066522,,2.641463,29.560421,,,84.572544,0.005582,0.00557,0.000125,0.005695,0.205592,-2.034408,2.5,-444179.323481,laminar-transitional,500.0,2.0,moderate
B-HEX-d5.0-r0.1,dimple,spherical,sphere,,,,5.0,0.1,hexagonal,40.0,,,50.0,,136713.899405,2.889182,27.025911,,,92.50382,0.024513,0.012979,0.247037,0.260017,0.174403,46.962599,4.1,-448719.957604,separation-dominated,500.0,2.0,high
B-HEX-d5.0-r0.2,dimple,spherical,plate,,,,5.0,0.2,hexagonal,40.0,,,1.0,6403.46133,,0.08504,918.18522,,,5.445524,0.014464,0.014459,0.001296,0.015755,0.035256,-8.924744,2.5,-21326.089766,laminar,1000.0,2.0,low
B-HEX-d5.0-r0.2,dimple,spherical,sphere,,,,5.0,0.2,hexagonal,40.0,,,1.0,,2734.277988,0.097016,804.841687,,,6.212402,0.011676,0.013448,0.435003,0.448451,0.0431,-15.220702,4.1,-54065.216483,separation-dominated,1000.0,2.0,low
B-HEX-d5.0-r0.2,dimple,spherical,plate,,,,5.0,0.2,hexagonal,40.0,,,5.0,32017.306652,,0.342095,228.248875,,,21.905913,0.009362,0.009353,0.000839,0.010192,0.099707,-8.860293,2.5,-314167.24293,laminar,1000.0,2.0,moderate
B-HEX-d5.0-r0.2,dimple,spherical,sphere,,,,5.0,0.2,hexagonal,40.0,,,5.0,,13671.389941,0.38203,204.389234,,,24.463128,0.013046,0.014799,0.47898,0.49378,0.097739,-13.547623,4.1,-330296.3622,separation-dominated,1000.0,2.0,high
B-HEX-d5.0-r0.2,dimple,spherical,plate,,,,5.0,0.2,hexagonal,40.0,,,10.0,64034.613304,,0.629421,124.0549,,,40.304736,0.007923,0.007918,0.00071,0.008627,0.074013,-8.885987,2.5,-389636.262682,laminar,1000.0,2.0,moderate
B-HEX-d5.0-r0.2,dimple,spherical,sphere,,,,5.0,0.2,hexagonal,40.0,,,10.0,,27342.779881,0.697855,111.889674,,,44.686876,0.014108,0.015217,0.492332,0.507549,0.067247,-7.929251,4.1,-399369.805435,separation-dominated,1000.0,2.0,high
B-HEX-d5.0-r0.2,dimple,spherical,plate,,,,5.0,0.2,hexagonal,40.0,,,20.0,128069.226609,,1.16396,67.08374,,,74.53371,0.006774,0.006772,0.000607,0.007379,0.034435,-8.925565,2.5,-437133.575227,laminar-transitional,1000.0,2.0,moderate
B-HEX-d5.0-r0.2,dimple,spherical,sphere,,,,5.0,0.2,hexagonal,40.0,,,20.0,,54685.559762,1.282384,60.888753,,,82.116971,0.024433,0.01728,0.328424,0.345704,0.029251,29.255637,4.1,-442605.901715,separation-dominated,1000.0,2.0,high
B-HEX-d5.0-r0.2,dimple,spherical,plate,,,,5.0,0.2,hexagonal,40.0,,,50.0,320173.066522,,2.641463,29.560421,,,169.145088,0.005582,0.005582,0.0005,0.006082,0.006011,-8.953989,2.5,-471288.308725,laminar-transitional,1000.0,2.0,moderate
B-HEX-d5.0-r0.2,dimple,spherical,sphere,,,,5.0,0.2,hexagonal,40.0,,,50.0,,136713.899405,2.889182,27.025911,,,185.007639,0.024513,0.01593,0.302689,0.318619,0.004722,35.008966,4.1,-473685.268529,separation-dominated,1000.0,2.0,high
B-HEX-d5.0-r0.3,dimple,spherical,plate,,,,5.0,0.3,hexagonal,40.0,,,1.0,6403.46133,,0.08504,918.18522,,,8.168287,0.014464,0.014462,0.002916,0.017378,0.010203,-20.149797,2.5,-120299.879356,laminar,1500.0,2.0,low
B-HEX-d5.0-r0.3,dimple,spherical,sphere,,,,5.0,0.3,hexagonal,40.0,,,1.0,,2734.277988,0.097016,804.841687,,,9.318603,0.011676,0.014341,0.463738,0.478079,0.011677,-22.832855,4.1,-150803.917896,separation-dominated,1500.0,2.0,low
B-HEX-d5.0-r0.3,dimple,spherical,plate,,,,5.0,0.3,hexagonal,40.0,,,5.0,32017.306652,,0.342095,228.248875,,,32.85887,0.009362,0.009361,0.001887,0.011248,0.014375,-20.145625,2.5,-367930.552076,laminar,1500.0,2.0,moderate
B-HEX-d5.0-r0.3,dimple,spherical,sphere,,,,5.0,0.3,hexagonal,40.0,,,5.0,,13671.389941,0.38203,204.389234,,,36.694692,0.013046,0.015688,0.507328,0.523016,0.013333,-20.270768,4.1,-380080.658643,separation-dominated,1500.0,2.0,high
B-HEX-d5.0-r0.3,dimple,spherical,plate,,,,5.0,0.3,hexagonal,40.0,,,10.0,64034.613304,,0.629421,124.0549,,,60.457104,0.007923,0.007923,0.001597,0.00952,0.007864,-20.152136,2.5,-423614.097218,laminar,1500.0,2.0,moderate
B-HEX-d5.0-r0.3,dimple,spherical,sphere,,,,5.0,0.3,hexagonal,40.0,,,10.0,,27342.779881,0.697855,111.889674,,,67.030314,0.014108,0.015467,0.500125,0.515592,0.006785,-9.639569,4.1,-430584.781303,separation-dominated,1500.0,2.0,high
B-HEX-d5.0-r0.3,dimple,spherical,plate,,,,5.0,0.3,hexagonal,40.0,,,20.0,128069.226609,,1.16396,67.08374,,,111.800565,0.006774,0.006774,0.001366,0.008139,0.00269,-20.15731,2.5,-457191.987928,laminar-transitional,1500.0,2.0,moderate
B-HEX-d5.0-r0.3,dimple,spherical,sphere,,,,5.0,0.3,hexagonal,40.0,,,20.0,,54685.559762,1.282384,60.888753,,,123.175457,0.01466,0.011614,0.375543,0.387158,0.002176,20.772604,4.1,-460990.971811,separation-dominated,1500.0,2.0,high
B-HEX-d5.0-r0.3,dimple,spherical,plate,,,,5.0,0.3,hexagonal,40.0,,,50.0,320173.066522,,2.641463,29.560421,,,253.717632,0.005582,0.005582,0.001125,0.006707,0.000311,-20.159689,2.5,-480673.910916,laminar-transitional,1500.0,2.0,moderate
B-HEX-d5.0-r0.3,dimple,spherical,sphere,,,,5.0,0.3,hexagonal,40.0,,,50.0,,136713.899405,2.889182,27.025911,,,277.511459,0.014708,0.011333,0.366447,0.37778,0.000234,22.94155,4.1,-482301.60283,separation-dominated,1500.0,2.0,high
B-HEXA-c20,dimple,spherical,plate,,,,2.0,0.05,hexagonal,20.0,,,1.0,6403.46133,,0.08504,918.18522,,,0.544552,0.014464,0.014464,4e-05,0.014504,0.000274,-0.279726,2.5,0.0,laminar,100.0,2.3,low
B-HEXA-c20,dimple,spherical,sphere,,,,2.0,0.05,hexagonal,20.0,,,1.0,,2734.277988,0.097016,804.841687,,,0.62124,0.011676,0.011802,0.381598,0.3934,0.000488,-1.076357,4.1,0.0,separation-dominated,100.0,2.3,low
B-HEXA-c20,dimple,spherical,plate,,,,2.0,0.05,hexagonal,20.0,,,5.0,32017.306652,,0.342095,228.248875,,,2.190591,0.009362,0.009359,2.6e-05,0.009385,0.040564,-0.239436,2.5,0.0,laminar,100.0,2.3,moderate
B-HEXA-c20,dimple,spherical,sphere,,,,2.0,0.05,hexagonal,20.0,,,5.0,,13671.389941,0.38203,204.389234,,,2.446313,0.013046,0.013164,0.425883,0.439047,0.054424,-0.96158,4.1,0.0,separation-dominated,100.0,2.3,high
B-HEXA-c20,dimple,spherical,plate,,,,2.0,0.05,hexagonal,20.0,,,10.0,64034.613304,,0.629421,124.0549,,,4.030474,0.007923,0.00791,2.2e-05,0.007932,0.170394,-0.109606,2.5,0.0,laminar,100.0,2.3,moderate
B-HEXA-c20,dimple,spherical,sphere,,,,2.0,0.05,hexagonal,20.0,,,10.0,,27342.779881,0.697855,111.889674,,,4.468688,0.014108,0.014203,0.460173,0.474376,0.207607,-0.875081,4.1,0.0,separation-dominated,100.0,2.3,high
B-HEXA-c20,dimple,spherical,plate,,,,2.0,0.05,hexagonal,20.0,,,20.0,128069.226609,,1.16396,67.08374,,,7.453371,0.006774,0.006743,1.9e-05,0.006762,0.455135,0.175135,2.5,-98502.285219,laminar-transitional,100.0,2.3,moderate
B-HEXA-c20,dimple,spherical,sphere,,,,2.0,0.05,hexagonal,20.0,,,20.0,,54685.559762,1.282384,60.888753,,,8.211697,0.01466,0.01462,0.475138,0.489758,0.509216,-0.223368,4.1,-121547.484821,separation-dominated,100.0,2.3,high
B-HEXA-c20,dimple,spherical,plate,,,,2.0,0.05,hexagonal,20.0,,,50.0,320173.066522,,2.641463,29.560421,,,16.914509,0.005582,0.005536,1.6e-05,0.005552,0.816218,0.536218,2.5,-271840.65367,laminar-transitional,100.0,2.3,moderate
B-HEXA-c20,dimple,spherical,sphere,,,,2.0,0.05,hexagonal,20.0,,,50.0,,136713.899405,2.889182,27.025911,,,18.500764,0.024513,0.014249,0.272985,0.287234,0.827381,41.410901,4.1,-287240.958659,separation-dominated,100.0,2.3,high
B-HEXA-c80,dimple,spherical,plate,,,,2.0,0.05,hexagonal,80.0,,,1.0,6403.46133,,0.08504,918.18522,,,0.544552,0.014464,0.014464,0.000162,0.014626,0.000831,-1.119169,2.5,0.0,laminar,100.0,2.3,low
B-HEXA-c80,dimple,spherical,sphere,,,,2.0,0.05,hexagonal,80.0,,,1.0,,2734.277988,0.097016,804.841687,,,0.62124,0.011676,0.011928,0.385662,0.397589,0.001478,-2.152698,4.1,0.0,separation-dominated,100.0,2.3,low
B-HEXA-c80,dimple,spherical,plate,,,,2.0,0.05,hexagonal,80.0,,,5.0,32017.306652,,0.342095,228.248875,,,2.190591,0.009362,0.009351,0.000105,0.009456,0.122966,-0.997034,2.5,0.0,laminar,100.0,2.3,moderate
B-HEXA-c80,dimple,spherical,sphere,,,,2.0,0.05,hexagonal,80.0,,,5.0,,13671.389941,0.38203,204.389234,,,2.446313,0.013046,0.013275,0.429944,0.443219,0.164983,-1.920934,4.1,0.0,separation-dominated,100.0,2.3,high
B-HEXA-c80,dimple,spherical,plate,,,,2.0,0.05,hexagonal,80.0,,,10.0,64034.613304,,0.629421,124.0549,,,4.030474,0.007923,0.007882,8.9e-05,0.007971,0.516538,-0.603462,2.5,0.0,laminar,100.0,2.3,moderate
B-HEXA-c80,dimple,spherical,sphere,,,,2.0,0.05,hexagonal,80.0,,,10.0,,27342.779881,0.697855,111.889674,,,4.468688,0.014108,0.014262,0.464044,0.478306,0.629346,-1.710835,4.1,0.0,separation-dominated,100.0,2.3,high
B-HEXA-c80,dimple,spherical,plate,,,,2.0,0.05,hexagonal,80.0,,,20.0,128069.226609,,1.16396,67.08374,,,7.453371,0.006774,0.006681,7.6e-05,0.006756,1.379711,0.259711,2.5,-98502.285219,laminar-transitional,100.0,2.3,moderate
B-HEXA-c80,dimple,spherical,sphere,,,,2.0,0.05,hexagonal,80.0,,,20.0,,54685.559762,1.282384,60.888753,,,8.211697,0.01466,0.014217,0.46688,0.481096,1.543654,1.549167,4.1,-121547.484821,separation-dominated,100.0,2.3,high
B-HEXA-c80,dimple,spherical,plate,,,,2.0,0.05,hexagonal,80.0,,,50.0,320173.066522,,2.641463,29.560421,,,16.914509,0.005582,0.005444,6.3e-05,0.005506,2.47431,1.35431,2.5,-271840.65367,laminar-transitional,100.0,2.3,moderate
B-HEXA-c80,dimple,spherical,sphere,,,,2.0,0.05,hexagonal,80.0,,,50.0,,136713.899405,2.889182,27.025911,,,18.500764,0.024513,0.011452,0.223182,0.234634,2.508149,52.140089,4.1,-287240.958659,separation-dominated,100.0,2.3,high
B-SQUA-c40,dimple,spherical,plate,,,,2.0,0.05,square,40.0,,,1.0,6403.46133,,0.08504,918.18522,,,0.544552,0.014464,0.014464,8.1e-05,0.014545,0.000406,-0.559594,2.5,0.0,laminar,100.0,2.3,low
B-SQUA-c40,dimple,spherical,sphere,,,,2.0,0.05,square,40.0,,,1.0,,2734.277988,0.097016,804.841687,,,0.62124,0.011676,0.011854,0.383281,0.395135,0.000722,-1.522198,4.1,0.0,separation-dominated,100.0,2.3,low
B-SQUA-c40,dimple,spherical,plate,,,,2.0,0.05,square,40.0,,,5.0,32017.306652,,0.342095,228.248875,,,2.190591,0.009362,0.009357,5.2e-05,0.009409,0.060032,-0.499968,2.5,0.0,laminar,100.0,2.3,moderate
B-SQUA-c40,dimple,spherical,sphere,,,,2.0,0.05,square,40.0,,,5.0,,13671.389941,0.38203,204.389234,,,2.446313,0.013046,0.013213,0.427565,0.440778,0.080544,-1.359633,4.1,0.0,separation-dominated,100.0,2.3,high
B-SQUA-c40,dimple,spherical,plate,,,,2.0,0.05,square,40.0,,,10.0,64034.613304,,0.629421,124.0549,,,4.030474,0.007923,0.007903,4.4e-05,0.007948,0.252172,-0.307828,2.5,0.0,laminar,100.0,2.3,moderate
B-SQUA-c40,dimple,spherical,sphere,,,,2.0,0.05,square,40.0,,,10.0,,27342.779881,0.697855,111.889674,,,4.468688,0.014108,0.014239,0.461798,0.476037,0.307245,-1.228349,4.1,0.0,separation-dominated,100.0,2.3,high
B-SQUA-c40,dimple,spherical,plate,,,,2.0,0.05,square,40.0,,,20.0,128069.226609,,1.16396,67.08374,,,7.453371,0.006774,0.006728,3.8e-05,0.006766,0.67357,0.11357,2.5,-98502.285219,laminar-transitional,100.0,2.3,moderate
B-SQUA-c40,dimple,spherical,sphere,,,,2.0,0.05,square,40.0,,,20.0,,54685.559762,1.282384,60.888753,,,8.211697,0.01466,0.014518,0.472994,0.487513,0.753607,0.236093,4.1,-121547.484821,separation-dominated,100.0,2.3,high
B-SQUA-c40,dimple,spherical,plate,,,,2.0,0.05,square,40.0,,,50.0,320173.066522,,2.641463,29.560421,,,16.914509,0.005582,0.005514,3.1e-05,0.005546,1.20795,0.64795,2.5,-271840.65367,laminar-transitional,100.0,2.3,moderate
B-SQUA-c40,dimple,spherical,sphere,,,,2.0,0.05,square,40.0,,,50.0,,136713.899405,2.889182,27.025911,,,18.500764,0.024513,0.012422,0.238935,0.251357,1.22447,48.728972,4.1,-287240.958659,separation-dominated,100.0,2.3,high
B-STAG-c60,dimple,spherical,plate,,,,2.0,0.05,staggered,60.0,,,1.0,6403.46133,,0.08504,918.18522,,,0.544552,0.014464,0.014464,0.000121,0.014585,0.000627,-0.839373,2.5,0.0,laminar,100.0,2.3,low
B-STAG-c60,dimple,spherical,sphere,,,,2.0,0.05,staggered,60.0,,,1.0,,2734.277988,0.097016,804.841687,,,0.62124,0.011676,0.011894,0.384573,0.396467,0.001116,-1.864296,4.1,0.0,separation-dominated,100.0,2.3,low
B-STAG-c60,dimple,spherical,plate,,,,2.0,0.05,staggered,60.0,,,5.0,32017.306652,,0.342095,228.248875,,,2.190591,0.009362,0.009354,7.9e-05,0.009432,0.092802,-0.747198,2.5,0.0,laminar,100.0,2.3,moderate
B-STAG-c60,dimple,spherical,sphere,,,,2.0,0.05,staggered,60.0,,,5.0,,13671.389941,0.38203,204.389234,,,2.446313,0.013046,0.013247,0.428856,0.442103,0.124512,-1.664271,4.1,0.0,separation-dominated,100.0,2.3,high
B-STAG-c60,dimple,spherical,plate,,,,2.0,0.05,staggered,60.0,,,10.0,64034.613304,,0.629421,124.0549,,,4.030474,0.007923,0.007893,6.7e-05,0.007959,0.389829,-0.450171,2.5,0.0,laminar,100.0,2.3,moderate
B-STAG-c60,dimple,spherical,sphere,,,,2.0,0.05,staggered,60.0,,,10.0,,27342.779881,0.697855,111.889674,,,4.468688,0.014108,0.014252,0.463025,0.477278,0.474966,-1.492152,4.1,0.0,separation-dominated,100.0,2.3,high
B-STAG-c60,dimple,spherical,plate,,,,2.0,0.05,staggered,60.0,,,20.0,128069.226609,,1.16396,67.08374,,,7.453371,0.006774,0.006703,5.7e-05,0.00676,1.041263,0.201263,2.5,-98502.285219,laminar-transitional,100.0,2.3,moderate
B-STAG-c60,dimple,spherical,sphere,,,,2.0,0.05,staggered,60.0,,,20.0,,54685.559762,1.282384,60.888753,,,8.211697,0.01466,0.014371,0.470124,0.484494,1.164991,0.853801,4.1,-121547.484821,separation-dominated,100.0,2.3,high
B-STAG-c60,dimple,spherical,plate,,,,2.0,0.05,staggered,60.0,,,50.0,320173.066522,,2.641463,29.560421,,,16.914509,0.005582,0.005478,4.7e-05,0.005525,1.867354,1.027354,2.5,-271840.65367,laminar-transitional,100.0,2.3,moderate
B-STAG-c60,dimple,spherical,sphere,,,,2.0,0.05,staggered,60.0,,,50.0,,136713.899405,2.889182,27.025911,,,18.500764,0.024513,0.011765,0.227845,0.239609,1.892892,51.1252,4.1,-287240.958659,separation-dominated,100.0,2.3,high
C-SK-s50-o0,shark,denticle,plate,,,,,,,,50.0,0.0,1.0,6403.46133,,0.08504,918.18522,0.090759,0.04716,0.024505,0.014464,0.014578,0.0,0.014578,-0.7878,-0.7878,2.0,0.0,laminar,16.666667,6.08,low
C-SK-s50-o0,shark,denticle,sphere,,,,,,,,50.0,0.0,1.0,,2734.277988,0.097016,804.841687,0.10354,0.053801,0.027956,0.011676,0.011781,0.377943,0.389724,-0.786082,-0.131916,3.6,0.0,separation-dominated,16.666667,6.08,low
C-SK-s50-o0,shark,denticle,plate,,,,,,,,50.0,0.0,5.0,32017.306652,,0.342095,228.248875,0.365099,0.189711,0.098577,0.009362,0.009433,0.0,0.009433,-0.750924,-0.750924,2.0,0.0,laminar,16.666667,6.08,moderate
C-SK-s50-o0,shark,denticle,sphere,,,,,,,,50.0,0.0,5.0,,13671.389941,0.38203,204.389234,0.407719,0.211857,0.110084,0.013046,0.013156,0.422229,0.435385,-0.745195,-0.119314,3.6,0.0,separation-dominated,16.666667,6.08,moderate
C-SK-s50-o0,shark,denticle,plate,,,,,,,,50.0,0.0,10.0,64034.613304,,0.629421,124.0549,0.671746,0.349049,0.181371,0.007923,0.00798,0.0,0.00798,-0.709705,-0.709705,2.0,0.0,laminar,16.666667,6.08,moderate
C-SK-s50-o0,shark,denticle,sphere,,,,,,,,50.0,0.0,10.0,,27342.779881,0.697855,111.889674,0.744781,0.387,0.201091,0.014108,0.014219,0.456562,0.470781,-0.699888,-0.110623,3.6,0.0,separation-dominated,16.666667,6.08,moderate
C-SK-s50-o0,shark,denticle,plate,,,,,,,,50.0,0.0,20.0,128069.226609,,1.16396,67.08374,1.242229,0.645481,0.335402,0.006774,0.006817,0.0,0.006817,-0.633022,-0.633022,2.0,0.0,laminar-transitional,16.666667,6.08,moderate
C-SK-s50-o0,shark,denticle,sphere,,,,,,,,50.0,0.0,20.0,,54685.559762,1.282384,60.888753,1.368616,0.711154,0.369526,0.01466,0.014763,0.474405,0.489168,-0.616033,-0.102573,3.6,0.0,separation-dominated,16.666667,6.08,moderate
C-SK-s50-o0,shark,denticle,plate,,,,,,,,50.0,0.0,50.0,320173.066522,,2.641463,29.560421,2.819085,1.464839,0.761153,0.005582,0.005605,0.0,0.005605,-0.421064,-0.421064,2.0,0.0,laminar-transitional,16.666667,6.08,moderate
C-SK-s50-o0,shark,denticle,sphere,,,,,,,,50.0,0.0,50.0,,136713.899405,2.889182,27.025911,3.083461,1.602213,0.832534,0.014708,0.014699,0.47343,0.488128,-0.385527,0.433065,3.6,0.0,separation-dominated,16.666667,6.08,moderate
C-SK-s50-o20,shark,denticle,plate,,,,,,,,50.0,20.0,1.0,6403.46133,,0.08504,918.18522,0.090759,0.04716,0.024505,0.014464,0.014554,0.0,0.014554,-0.626275,-0.626275,2.0,0.0,laminar,16.666667,6.08,low
C-SK-s50-o20,shark,denticle,sphere,,,,,,,,50.0,20.0,1.0,,2734.277988,0.097016,804.841687,0.10354,0.053801,0.027956,0.011676,0.011762,0.377943,0.389705,-0.624343,-0.127058,3.6,0.0,separation-dominated,16.666667,6.08,low
C-SK-s50-o20,shark,denticle,plate,,,,,,,,50.0,20.0,5.0,32017.306652,,0.342095,228.248875,0.365099,0.189711,0.098577,0.009362,0.009417,0.0,0.009417,-0.58479,-0.58479,2.0,0.0,laminar,16.666667,6.08,moderate
C-SK-s50-o20,shark,denticle,sphere,,,,,,,,50.0,20.0,5.0,,13671.389941,0.38203,204.389234,0.407719,0.211857,0.110084,0.013046,0.013134,0.422229,0.435363,-0.578345,-0.114304,3.6,0.0,separation-dominated,16.666667,6.08,moderate
C-SK-s50-o20,shark,denticle,plate,,,,,,,,50.0,20.0,10.0,64034.613304,,0.629421,124.0549,0.671746,0.349049,0.181371,0.007923,0.007966,0.0,0.007966,-0.538418,-0.538418,2.0,0.0,laminar,16.666667,6.08,moderate
C-SK-s50-o20,shark,denticle,sphere,,,,,,,,50.0,20.0,10.0,,27342.779881,0.697855,111.889674,0.744781,0.387,0.201091,0.014108,0.014195,0.456562,0.470756,-0.527374,-0.105443,3.6,0.0,separation-dominated,16.666667,6.08,moderate
C-SK-s50-o20,shark,denticle,plate,,,,,,,,50.0,20.0,20.0,128069.226609,,1.16396,67.08374,1.242229,0.645481,0.335402,0.006774,0.006805,0.0,0.006805,-0.45215,-0.45215,2.0,0.0,laminar-transitional,16.666667,6.08,moderate
C-SK-s50-o20,shark,denticle,sphere,,,,,,,,50.0,20.0,20.0,,54685.559762,1.282384,60.888753,1.368616,0.711154,0.369526,0.01466,0.014736,0.474405,0.489141,-0.433037,-0.097079,3.6,0.0,separation-dominated,16.666667,6.08,moderate
C-SK-s50-o20,shark,denticle,plate,,,,,,,,50.0,20.0,50.0,320173.066522,,2.641463,29.560421,2.819085,1.464839,0.761153,0.005582,0.005594,0.0,0.005594,-0.213697,-0.213697,2.0,0.0,laminar-transitional,16.666667,6.08,moderate
C-SK-s50-o20,shark,denticle,sphere,,,,,,,,50.0,20.0,50.0,,136713.899405,2.889182,27.025911,3.083461,1.602213,0.832534,0.014708,0.014668,0.47343,0.488097,-0.173718,0.439391,3.6,0.0,separation-dominated,16.666667,6.08,moderate
C-SK-s50-o40,shark,denticle,plate,,,,,,,,50.0,40.0,1.0,6403.46133,,0.08504,918.18522,0.090759,0.04716,0.024505,0.014464,0.014531,0.0,0.014531,-0.46475,-0.46475,2.0,0.0,laminar,16.666667,6.08,low
C-SK-s50-o40,shark,denticle,sphere,,,,,,,,50.0,40.0,1.0,,2734.277988,0.097016,804.841687,0.10354,0.053801,0.027956,0.011676,0.011743,0.377943,0.389686,-0.462603,-0.122201,3.6,0.0,separation-dominated,16.666667,6.08,low
C-SK-s50-o40,shark,denticle,plate,,,,,,,,50.0,40.0,5.0,32017.306652,,0.342095,228.248875,0.365099,0.189711,0.098577,0.009362,0.009402,0.0,0.009402,-0.418655,-0.418655,2.0,0.0,laminar,16.666667,6.08,moderate
C-SK-s50-o40,shark,denticle,sphere,,,,,,,,50.0,40.0,5.0,,13671.389941,0.38203,204.389234,0.407719,0.211857,0.110084,0.013046,0.013112,0.422229,0.435341,-0.411494,-0.109293,3.6,0.0,separation-dominated,16.666667,6.08,moderate
C-SK-s50-o40,shark,denticle,plate,,,,,,,,50.0,40.0,10.0,64034.613304,,0.629421,124.0549,0.671746,0.349049,0.181371,0.007923,0.007953,0.0,0.007953,-0.367132,-0.367132,2.0,0.0,laminar,16.666667,6.08,moderate
C-SK-s50-o40,shark,denticle,sphere,,,,,,,,50.0,40.0,10.0,,27342.779881,0.697855,111.889674,0.744781,0.387,0.201091,0.014108,0.014171,0.456562,0.470732,-0.35486,-0.100263,3.6,0.0,separation-dominated,16.666667,6.08,moderate
C-SK-s50-o40,shark,denticle,plate,,,,,,,,50.0,40.0,20.0,128069.226609,,1.16396,67.08374,1.242229,0.645481,0.335402,0.006774,0.006792,0.0,0.006792,-0.271278,-0.271278,2.0,0.0,laminar-transitional,16.666667,6.08,moderate
C-SK-s50-o40,shark,denticle,sphere,,,,,,,,50.0,40.0,20.0,,54685.559762,1.282384,60.888753,1.368616,0.711154,0.369526,0.01466,0.014709,0.474405,0.489114,-0.250042,-0.091584,3.6,0.0,separation-dominated,16.666667,6.08,moderate
C-SK-s50-o40,shark,denticle,plate,,,,,,,,50.0,40.0,50.0,320173.066522,,2.641463,29.560421,2.819085,1.464839,0.761153,0.005582,0.005582,0.0,0.005582,-0.00633,-0.00633,2.0,0.0,laminar-transitional,16.666667,6.08,moderate
C-SK-s50-o40,shark,denticle,sphere,,,,,,,,50.0,40.0,50.0,,136713.899405,2.889182,27.025911,3.083461,1.602213,0.832534,0.014708,0.014637,0.47343,0.488066,0.038091,0.445717,3.6,0.0,separation-dominated,16.666667,6.08,moderate
C-SK-s100-o0,shark,denticle,plate,,,,,,,,100.0,0.0,1.0,6403.46133,,0.08504,918.18522,0.181517,0.094319,0.04901,0.014464,0.014576,0.0,0.014576,-0.775601,-0.775601,2.0,0.0,laminar,33.333333,4.78,low
C-SK-s100-o0,shark,denticle,sphere,,,,,,,,100.0,0.0,1.0,,2734.277988,0.097016,804.841687,0.20708,0.107602,0.055912,0.011676,0.011792,0.378352,0.390144,-0.772165,-0.239831,3.6,0.0,separation-dominated,33.333333,4.78,low
C-SK-s100-o0,shark,denticle,plate,,,,,,,,100.0,0.0,5.0,32017.306652,,0.342095,228.248875,0.730197,0.379422,0.197153,0.009362,0.009428,0.0,0.009428,-0.701848,-0.701848,2.0,0.0,laminar,33.333333,4.78,moderate
C-SK-s100-o0,shark,denticle,sphere,,,,,,,,100.0,0.0,5.0,,13671.389941,0.38203,204.389234,0.815438,0.423714,0.220168,0.013046,0.013162,0.422638,0.435799,-0.69039,-0.214623,3.6,0.0,separation-dominated,33.333333,4.78,moderate
C-SK-s100-o0,shark,denticle,plate,,,,,,,,100.0,0.0,10.0,64034.613304,,0.629421,124.0549,1.343491,0.698099,0.362743,0.007923,0.007972,0.0,0.007972,-0.61941,-0.61941,2.0,0.0,laminar,33.333333,4.78,moderate
C-SK-s100-o0,shark,denticle,sphere,,,,,,,,100.0,0.0,10.0,,27342.779881,0.697855,111.889674,1.489563,0.773999,0.402182,0.014108,0.014218,0.45697,0.471188,-0.599776,-0.197123,3.6,0.0,separation-dominated,33.333333,4.78,moderate
C-SK-s100-o0,shark,denticle,plate,,,,,,,,100.0,0.0,20.0,128069.226609,,1.16396,67.08374,2.484457,1.290962,0.670803,0.006774,0.006806,0.0,0.006806,-0.466044,-0.466044,2.0,0.0,laminar-transitional,33.333333,4.78,moderate
C-SK-s100-o0,shark,denticle,sphere,,,,,,,,100.0,0.0,20.0,,54685.559762,1.282384,60.888753,2.737232,1.422308,0.739053,0.01466,0.014747,0.474767,0.489514,-0.432066,-0.173423,3.6,0.0,separation-dominated,33.333333,4.78,moderate
C-SK-s100-o0,shark,denticle,plate,,,,,,,,100.0,0.0,50.0,320173.066522,,2.641463,29.560421,5.63817,2.929679,1.522306,0.005582,0.005584,0.0,0.005584,-0.042128,-0.042128,2.0,0.0,laminar-transitional,33.333333,4.78,moderate
C-SK-s100-o0,shark,denticle,sphere,,,,,,,,100.0,0.0,50.0,,136713.899405,2.889182,27.025911,6.166921,3.204426,1.665069,0.014708,0.014314,0.462964,0.477278,0.028946,2.646257,3.6,0.0,separation-dominated,33.333333,4.78,moderate
C-SK-s100-o20,shark,denticle,plate,,,,,,,,100.0,20.0,1.0,6403.46133,,0.08504,918.18522,0.181517,0.094319,0.04901,0.014464,0.014552,0.0,0.014552,-0.612551,-0.612551,2.0,0.0,laminar,33.333333,4.78,low
C-SK-s100-o20,shark,denticle,sphere,,,,,,,,100.0,20.0,1.0,,2734.277988,0.097016,804.841687,0.20708,0.107602,0.055912,0.011676,0.011773,0.378352,0.390125,-0.608685,-0.234916,3.6,0.0,separation-dominated,33.333333,4.78,low
C-SK-s100-o20,shark,denticle,plate,,,,,,,,100.0,20.0,5.0,32017.306652,,0.342095,228.248875,0.730197,0.379422,0.197153,0.009362,0.009412,0.0,0.009412,-0.529579,-0.529579,2.0,0.0,laminar,33.333333,4.78,moderate
C-SK-s100-o20,shark,denticle,sphere,,,,,,,,100.0,20.0,5.0,,13671.389941,0.38203,204.389234,0.815438,0.423714,0.220168,0.013046,0.013139,0.422638,0.435776,-0.516689,-0.209402,3.6,0.0,separation-dominated,33.333333,4.78,moderate
C-SK-s100-o20,shark,denticle,plate,,,,,,,,100.0,20.0,10.0,64034.613304,,0.629421,124.0549,1.343491,0.698099,0.362743,0.007923,0.007958,0.0,0.007958,-0.436837,-0.436837,2.0,0.0,laminar,33.333333,4.78,moderate
C-SK-s100-o20,shark,denticle,sphere,,,,,,,,100.0,20.0,10.0,,27342.779881,0.697855,111.889674,1.489563,0.773999,0.402182,0.014108,0.014192,0.45697,0.471161,-0.414748,-0.191563,3.6,0.0,separation-dominated,33.333333,4.78,moderate
C-SK-s100-o20,shark,denticle,plate,,,,,,,,100.0,20.0,20.0,128069.226609,,1.16396,67.08374,2.484457,1.290962,0.670803,0.006774,0.006792,0.0,0.006792,-0.2643,-0.2643,2.0,0.0,laminar-transitional,33.333333,4.78,moderate
C-SK-s100-o20,shark,denticle,sphere,,,,,,,,100.0,20.0,20.0,,54685.559762,1.282384,60.888753,2.737232,1.422308,0.739053,0.01466,0.014717,0.474767,0.489484,-0.226075,-0.167234,3.6,0.0,separation-dominated,33.333333,4.78,moderate
C-SK-s100-o20,shark,denticle,plate,,,,,,,,100.0,20.0,50.0,320173.066522,,2.641463,29.560421,5.63817,2.929679,1.522306,0.005582,0.00557,0.0,0.00557,0.212606,0.212606,2.0,0.0,laminar-transitional,33.333333,4.78,moderate
C-SK-s100-o20,shark,denticle,sphere,,,,,,,,100.0,20.0,50.0,,136713.899405,2.889182,27.025911,6.166921,3.204426,1.665069,0.014708,0.014277,0.462964,0.47724,0.292564,2.653956,3.6,0.0,separation-dominated,33.333333,4.78,moderate
C-SK-s100-o40,shark,denticle,plate,,,,,,,,100.0,40.0,1.0,6403.46133,,0.08504,918.18522,0.181517,0.094319,0.04901,0.014464,0.014529,0.0,0.014529,-0.449501,-0.449501,2.0,0.0,laminar,33.333333,4.78,low
C-SK-s100-o40,shark,denticle,sphere,,,,,,,,100.0,40.0,1.0,,2734.277988,0.097016,804.841687,0.20708,0.107602,0.055912,0.011676,0.011754,0.378352,0.390106,-0.445206,-0.230001,3.6,0.0,separation-dominated,33.333333,4.78,low
C-SK-s100-o40,shark,denticle,plate,,,,,,,,100.0,40.0,5.0,32017.306652,,0.342095,228.248875,0.730197,0.379422,0.197153,0.009362,0.009396,0.0,0.009396,-0.35731,-0.35731,2.0,0.0,laminar,33.333333,4.78,moderate
C-SK-s100-o40,shark,denticle,sphere,,,,,,,,100.0,40.0,5.0,,13671.389941,0.38203,204.389234,0.815438,0.423714,0.220168,0.013046,0.013116,0.422638,0.435754,-0.342988,-0.204181,3.6,0.0,separation-dominated,33.333333,4.78,moderate
C-SK-s100-o40,shark,denticle,plate,,,,,,,,100.0,40.0,10.0,64034.613304,,0.629421,124.0549,1.343491,0.698099,0.362743,0.007923,0.007944,0.0,0.007944,-0.254263,-0.254263,2.0,0.0,laminar,33.333333,4.78,moderate
C-SK-s100-o40,shark,denticle,sphere,,,,,,,,100.0,40.0,10.0,,27342.779881,0.697855,111.889674,1.489563,0.773999,0.402182,0.014108,0.014166,0.45697,0.471135,-0.22972,-0.186002,3.6,0.0,separation-dominated,33.333333,4.78,moderate
C-SK-s100-o40,shark,denticle,plate,,,,,,,,100.0,40.0,20.0,128069.226609,,1.16396,67.08374,2.484457,1.290962,0.670803,0.006774,0.006778,0.0,0.006778,-0.062555,-0.062555,2.0,0.0,laminar-transitional,33.333333,4.78,moderate
C-SK-s100-o40,shark,denticle,sphere,,,,,,,,100.0,40.0,20.0,,54685.559762,1.282384,60.888753,2.737232,1.422308,0.739053,0.01466,0.014686,0.474767,0.489453,-0.020083,-0.161044,3.6,0.0,separation-dominated,33.333333,4.78,moderate
C-SK-s100-o40,shark,denticle,plate,,,,,,,,100.0,40.0,50.0,320173.066522,,2.641463,29.560421,5.63817,2.929679,1.522306,0.005582,0.005556,0.0,0.005556,0.46734,0.46734,2.0,0.0,laminar-transitional,33.333333,4.78,moderate
C-SK-s100-o40,shark,denticle,sphere,,,,,,,,100.0,40.0,50.0,,136713.899405,2.889182,27.025911,6.166921,3.204426,1.665069,0.014708,0.014239,0.462964,0.477202,0.556182,2.661656,3.6,0.0,separation-dominated,33.333333,4.78,moderate
C-SK-s200-o0,shark,denticle,plate,,,,,,,,200.0,0.0,1.0,6403.46133,,0.08504,918.18522,0.363035,0.188638,0.098019,0.014464,0.014572,0.0,0.014572,-0.751202,-0.751202,2.0,0.0,laminar,66.666667,4.48,low
C-SK-s200-o0,shark,denticle,sphere,,,,,,,,200.0,0.0,1.0,,2734.277988,0.097016,804.841687,0.41416,0.215204,0.111823,0.011676,0.011814,0.37917,0.390984,-0.744329,-0.455658,3.6,0.0,separation-dominated,66.666667,4.48,low
C-SK-s200-o0,shark,denticle,plate,,,,,,,,200.0,0.0,5.0,32017.306652,,0.342095,228.248875,1.460394,0.758843,0.394306,0.009362,0.009419,0.0,0.009419,-0.603697,-0.603697,2.0,0.0,laminar,66.666667,4.48,moderate
C-SK-s200-o0,shark,denticle,sphere,,,,,,,,200.0,0.0,5.0,,13671.389941,0.38203,204.389234,1.630875,0.847428,0.440336,0.013046,0.013173,0.423455,0.436628,-0.580781,-0.405224,3.6,0.0,separation-dominated,66.666667,4.48,moderate
C-SK-s200-o0,shark,denticle,plate,,,,,,,,200.0,0.0,10.0,64034.613304,,0.629421,124.0549,2.686982,1.396197,0.725485,0.007923,0.007958,0.0,0.007958,-0.438821,-0.438821,2.0,0.0,laminar,66.666667,4.48,moderate
C-SK-s200-o0,shark,denticle,sphere,,,,,,,,200.0,0.0,10.0,,27342.779881,0.697855,111.889674,2.979125,1.547999,0.804364,0.014108,0.014215,0.457784,0.471999,-0.399552,-0.369579,3.6,0.0,separation-dominated,66.666667,4.48,moderate
C-SK-s200-o0,shark,denticle,plate,,,,,,,,200.0,0.0,20.0,128069.226609,,1.16396,67.08374,4.968914,2.581923,1.341607,0.006774,0.006783,0.0,0.006783,-0.132088,-0.132088,2.0,0.0,laminar-transitional,66.666667,4.48,moderate
C-SK-s200-o0,shark,denticle,sphere,,,,,,,,200.0,0.0,20.0,,54685.559762,1.282384,60.888753,5.474465,2.844615,1.478105,0.01466,0.01471,0.475326,0.490036,-0.064133,-0.280343,3.6,0.0,separation-dominated,66.666667,4.48,moderate
C-SK-s200-o0,shark,denticle,plate,,,,,,,,200.0,0.0,50.0,320173.066522,,2.641463,29.560421,11.276339,5.859358,3.044612,0.005582,0.005542,0.0,0.005542,0.715744,0.715744,2.0,0.0,laminar-transitional,66.666667,4.48,moderate
C-SK-s200-o0,shark,denticle,sphere,,,,,,,,200.0,0.0,50.0,,136713.899405,2.889182,27.025911,12.333843,6.408853,3.330138,0.014708,0.012768,0.4164,0.429168,0.857892,12.459561,3.6,0.0,separation-dominated,66.666667,4.48,moderate
C-SK-s200-o20,shark,denticle,plate,,,,,,,,200.0,20.0,1.0,6403.46133,,0.08504,918.18522,0.363035,0.188638,0.098019,0.014464,0.014548,0.0,0.014548,-0.585102,-0.585102,2.0,0.0,laminar,66.666667,4.48,low
C-SK-s200-o20,shark,denticle,sphere,,,,,,,,200.0,20.0,1.0,,2734.277988,0.097016,804.841687,0.41416,0.215204,0.111823,0.011676,0.011795,0.37917,0.390965,-0.577371,-0.450627,3.6,0.0,separation-dominated,66.666667,4.48,low
C-SK-s200-o20,shark,denticle,plate,,,,,,,,200.0,20.0,5.0,32017.306652,,0.342095,228.248875,1.460394,0.758843,0.394306,0.009362,0.009402,0.0,0.009402,-0.419159,-0.419159,2.0,0.0,laminar,66.666667,4.48,moderate
C-SK-s200-o20,shark,denticle,sphere,,,,,,,,200.0,20.0,5.0,,13671.389941,0.38203,204.389234,1.630875,0.847428,0.440336,0.013046,0.013148,0.423455,0.436603,-0.393378,-0.39958,3.6,0.0,separation-dominated,66.666667,4.48,moderate
C-SK-s200-o20,shark,denticle,plate,,,,,,,,200.0,20.0,10.0,64034.613304,,0.629421,124.0549,2.686982,1.396197,0.725485,0.007923,0.007942,0.0,0.007942,-0.233674,-0.233674,2.0,0.0,laminar,66.666667,4.48,moderate
C-SK-s200-o20,shark,denticle,sphere,,,,,,,,200.0,20.0,10.0,,27342.779881,0.697855,111.889674,2.979125,1.547999,0.804364,0.014108,0.014185,0.457784,0.471969,-0.189496,-0.363255,3.6,0.0,separation-dominated,66.666667,4.48,moderate
C-SK-s200-o20,shark,denticle,plate,,,,,,,,200.0,20.0,20.0,128069.226609,,1.16396,67.08374,4.968914,2.581923,1.341607,0.006774,0.006766,0.0,0.006766,0.111401,0.111401,2.0,0.0,laminar-transitional,66.666667,4.48,moderate
C-SK-s200-o20,shark,denticle,sphere,,,,,,,,200.0,20.0,20.0,,54685.559762,1.282384,60.888753,5.474465,2.844615,1.478105,0.01466,0.014673,0.475326,0.489999,0.187851,-0.272763,3.6,0.0,separation-dominated,66.666667,4.48,moderate
C-SK-s200-o20,shark,denticle,plate,,,,,,,,200.0,20.0,50.0,320173.066522,,2.641463,29.560421,11.276339,5.859358,3.044612,0.005582,0.005522,0.0,0.005522,1.065212,1.065212,2.0,0.0,laminar-transitional,66.666667,4.48,moderate
C-SK-s200-o20,shark,denticle,sphere,,,,,,,,200.0,20.0,50.0,,136713.899405,2.889182,27.025911,12.333843,6.408853,3.330138,0.014708,0.012721,0.4164,0.429121,1.225128,12.469208,3.6,0.0,separation-dominated,66.666667,4.48,moderate
C-SK-s200-o40,shark,denticle,plate,,,,,,,,200.0,40.0,1.0,6403.46133,,0.08504,918.18522,0.363035,0.188638,0.098019,0.014464,0.014524,0.0,0.014524,-0.419002,-0.419002,2.0,0.0,laminar,66.666667,4.48,low
C-SK-s200-o40,shark,denticle,sphere,,,,,,,,200.0,40.0,1.0,,2734.277988,0.097016,804.841687,0.41416,0.215204,0.111823,0.011676,0.011775,0.37917,0.390945,-0.410412,-0.445597,3.6,0.0,separation-dominated,66.666667,4.48,low
C-SK-s200-o40,shark,denticle,plate,,,,,,,,200.0,40.0,5.0,32017.306652,,0.342095,228.248875,1.460394,0.758843,0.394306,0.009362,0.009384,0.0,0.009384,-0.234621,-0.234621,2.0,0.0,laminar,66.666667,4.48,moderate
C-SK-s200-o40,shark,denticle,sphere,,,,,,,,200.0,40.0,5.0,,13671.389941,0.38203,204.389234,1.630875,0.847428,0.440336,0.013046,0.013124,0.423455,0.436579,-0.205976,-0.393936,3.6,0.0,separation-dominated,66.666667,4.48,moderate
C-SK-s200-o40,shark,denticle,plate,,,,,,,,200.0,40.0,10.0,64034.613304,,0.629421,124.0549,2.686982,1.396197,0.725485,0.007923,0.007926,0.0,0.007926,-0.028526,-0.028526,2.0,0.0,laminar,66.666667,4.48,moderate
C-SK-s200-o40,shark,denticle,sphere,,,,,,,,200.0,40.0,10.0,,27342.779881,0.697855,111.889674,2.979125,1.547999,0.804364,0.014108,0.014155,0.457784,0.471939,0.02056,-0.356931,3.6,0.0,separation-dominated,66.666667,4.48,moderate
C-SK-s200-o40,shark,denticle,plate,,,,,,,,200.0,40.0,20.0,128069.226609,,1.16396,67.08374,4.968914,2.581923,1.341607,0.006774,0.00675,0.0,0.00675,0.35489,0.35489,2.0,0.0,laminar-transitional,66.666667,4.48,moderate
C-SK-s200-o40,shark,denticle,sphere,,,,,,,,200.0,40.0,20.0,,54685.559762,1.282384,60.888753,5.474465,2.844615,1.478105,0.01466,0.014636,0.475326,0.489962,0.439834,-0.265182,3.6,0.0,separation-dominated,66.666667,4.48,moderate
C-SK-s200-o40,shark,denticle,plate,,,,,,,,200.0,40.0,50.0,320173.066522,,2.641463,29.560421,11.276339,5.859358,3.044612,0.005582,0.005503,0.0,0.005503,1.41468,1.41468,2.0,0.0,laminar-transitional,66.666667,4.48,moderate
C-SK-s200-o40,shark,denticle,sphere,,,,,,,,200.0,40.0,50.0,,136713.899405,2.889182,27.025911,12.333843,6.408853,3.330138,0.014708,0.012673,0.4164,0.429074,1.592365,12.478855,3.6,0.0,separation-dominated,66.666667,4.48,moderate
C-SK-s500-o0,shark,denticle,plate,,,,,,,,500.0,0.0,1.0,6403.46133,,0.08504,918.18522,0.907587,0.471596,0.245049,0.014464,0.014562,0.0,0.014562,-0.678004,-0.678004,2.0,0.0,laminar,166.666667,4.08,low
C-SK-s500-o0,shark,denticle,sphere,,,,,,,,500.0,0.0,1.0,,2734.277988,0.097016,804.841687,1.0354,0.53801,0.279558,0.011676,0.011881,0.381623,0.393504,-0.660823,-1.103118,3.6,0.0,separation-dominated,166.666667,4.08,low
C-SK-s500-o0,shark,denticle,plate,,,,,,,,500.0,0.0,5.0,32017.306652,,0.342095,228.248875,3.650986,1.897108,0.985766,0.009362,0.009391,0.0,0.009391,-0.309241,-0.309241,2.0,0.0,laminar,166.666667,4.08,moderate
C-SK-s500-o0,shark,denticle,sphere,,,,,,,,500.0,0.0,5.0,,13671.389941,0.38203,204.389234,4.077188,2.118569,1.100841,0.013046,0.013206,0.425908,0.439114,-0.251952,-0.97686,3.6,0.0,separation-dominated,166.666667,4.08,moderate
C-SK-s500-o0,shark,denticle,plate,,,,,,,,500.0,0.0,10.0,64034.613304,,0.629421,124.0549,6.717456,3.490493,1.813713,0.007923,0.007915,0.0,0.007915,0.102948,0.102948,2.0,0.0,laminar,166.666667,4.08,moderate
C-SK-s500-o0,shark,denticle,sphere,,,,,,,,500.0,0.0,10.0,,27342.779881,0.697855,111.889674,7.447813,3.869997,2.010909,0.014108,0.014204,0.460198,0.474402,0.201121,-0.880682,3.6,0.0,separation-dominated,166.666667,4.08,moderate
C-SK-s500-o0,shark,denticle,plate,,,,,,,,500.0,0.0,20.0,128069.226609,,1.16396,67.08374,12.422285,6.454809,3.354017,0.006774,0.006715,0.0,0.006715,0.86978,0.86978,2.0,0.0,laminar-transitional,166.666667,4.08,moderate
C-SK-s500-o0,shark,denticle,sphere,,,,,,,,500.0,0.0,20.0,,54685.559762,1.282384,60.888753,13.686162,7.111538,3.695264,0.01466,0.014542,0.475119,0.48966,1.039668,-0.203362,3.6,0.0,separation-dominated,166.666667,4.08,moderate
C-SK-s500-o0,shark,denticle,plate,,,,,,,,500.0,0.0,50.0,320173.066522,,2.641463,29.560421,28.190848,14.648394,7.611529,0.005582,0.005514,0.0,0.005514,1.21059,1.21059,2.0,-103537.365044,laminar-transitional,166.666667,4.08,moderate
C-SK-s500-o0,shark,denticle,sphere,,,,,,,,500.0,0.0,50.0,,136713.899405,2.889182,27.025911,30.834607,16.022132,8.325344,0.024513,0.014204,0.272198,0.286402,0.851425,41.580518,3.6,-124775.158491,separation-dominated,166.666667,4.08,moderate
C-SK-s500-o20,shark,denticle,plate,,,,,,,,500.0,20.0,1.0,6403.46133,,0.08504,918.18522,0.907587,0.471596,0.245049,0.014464,0.014536,0.0,0.014536,-0.502754,-0.502754,2.0,0.0,laminar,166.666667,4.08,low
C-SK-s500-o20,shark,denticle,sphere,,,,,,,,500.0,20.0,1.0,,2734.277988,0.097016,804.841687,1.0354,0.53801,0.279558,0.011676,0.01186,0.381623,0.393483,-0.483426,-1.097738,3.6,0.0,separation-dominated,166.666667,4.08,low
C-SK-s500-o20,shark,denticle,plate,,,,,,,,500.0,20.0,5.0,32017.306652,,0.342095,228.248875,3.650986,1.897108,0.985766,0.009362,0.009371,0.0,0.009371,-0.087897,-0.087897,2.0,0.0,laminar,166.666667,4.08,moderate
C-SK-s500-o20,shark,denticle,sphere,,,,,,,,500.0,20.0,5.0,,13671.389941,0.38203,204.389234,4.077188,2.118569,1.100841,0.013046,0.013176,0.425908,0.439084,-0.023446,-0.969939,3.6,0.0,separation-dominated,166.666667,4.08,moderate
C-SK-s500-o20,shark,denticle,plate,,,,,,,,500.0,20.0,10.0,64034.613304,,0.629421,124.0549,6.717456,3.490493,1.813713,0.007923,0.007894,0.0,0.007894,0.375816,0.375816,2.0,0.0,laminar,166.666667,4.08,moderate
C-SK-s500-o20,shark,denticle,sphere,,,,,,,,500.0,20.0,10.0,,27342.779881,0.697855,111.889674,7.447813,3.869997,2.010909,0.014108,0.014164,0.460198,0.474361,0.486261,-0.872052,3.6,0.0,separation-dominated,166.666667,4.08,moderate
C-SK-s500-o20,shark,denticle,plate,,,,,,,,500.0,20.0,20.0,128069.226609,,1.16396,67.08374,12.422285,6.454809,3.354017,0.006774,0.00669,0.0,0.00669,1.238502,1.238502,2.0,0.0,laminar-transitional,166.666667,4.08,moderate
C-SK-s500-o20,shark,denticle,sphere,,,,,,,,500.0,20.0,20.0,,54685.559762,1.282384,60.888753,13.686162,7.111538,3.695264,0.01466,0.014484,0.475119,0.489603,1.429626,-0.191636,3.6,0.0,separation-dominated,166.666667,4.08,moderate
C-SK-s500-o20,shark,denticle,plate,,,,,,,,500.0,20.0,50.0,320173.066522,,2.641463,29.560421,28.190848,14.648394,7.611529,0.005582,0.005491,0.0,0.005491,1.621914,1.621914,2.0,-103537.365044,laminar-transitional,166.666667,4.08,moderate
C-SK-s500-o20,shark,denticle,sphere,,,,,,,,500.0,20.0,50.0,,136713.899405,2.889182,27.025911,30.834607,16.022132,8.325344,0.024513,0.014152,0.272198,0.28635,1.217853,41.591226,3.6,-124775.158491,separation-dominated,166.666667,4.08,moderate
C-SK-s500-o40,shark,denticle,plate,,,,,,,,500.0,40.0,1.0,6403.46133,,0.08504,918.18522,0.907587,0.471596,0.245049,0.014464,0.014511,0.0,0.014511,-0.327505,-0.327505,2.0,0.0,laminar,166.666667,4.08,low
C-SK-s500-o40,shark,denticle,sphere,,,,,,,,500.0,40.0,1.0,,2734.277988,0.097016,804.841687,1.0354,0.53801,0.279558,0.011676,0.011839,0.381623,0.393462,-0.306029,-1.092359,3.6,0.0,separation-dominated,166.666667,4.08,low
C-SK-s500-o40,shark,denticle,plate,,,,,,,,500.0,40.0,5.0,32017.306652,,0.342095,228.248875,3.650986,1.897108,0.985766,0.009362,0.00935,0.0,0.00935,0.133448,0.133448,2.0,0.0,laminar,166.666667,4.08,moderate
C-SK-s500-o40,shark,denticle,sphere,,,,,,,,500.0,40.0,5.0,,13671.389941,0.38203,204.389234,4.077188,2.118569,1.100841,0.013046,0.013145,0.425908,0.439054,0.20506,-0.963017,3.6,0.0,separation-dominated,166.666667,4.08,moderate
C-SK-s500-o40,shark,denticle,plate,,,,,,,,500.0,40.0,10.0,64034.613304,,0.629421,124.0549,6.717456,3.490493,1.813713,0.007923,0.007872,0.0,0.007872,0.648685,0.648685,2.0,0.0,laminar,166.666667,4.08,moderate
C-SK-s500-o40,shark,denticle,sphere,,,,,,,,500.0,40.0,10.0,,27342.779881,0.697855,111.889674,7.447813,3.869997,2.010909,0.014108,0.014123,0.460198,0.474321,0.771401,-0.863422,3.6,0.0,separation-dominated,166.666667,4.08,moderate
C-SK-s500-o40,shark,denticle,plate,,,,,,,,500.0,40.0,20.0,128069.226609,,1.16396,67.08374,12.422285,6.454809,3.354017,0.006774,0.006665,0.0,0.006665,1.607225,1.607225,2.0,0.0,laminar-transitional,166.666667,4.08,moderate
C-SK-s500-o40,shark,denticle,sphere,,,,,,,,500.0,40.0,20.0,,54685.559762,1.282384,60.888753,13.686162,7.111538,3.695264,0.01466,0.014427,0.475119,0.489546,1.819585,-0.17991,3.6,0.0,separation-dominated,166.666667,4.08,moderate
C-SK-s500-o40,shark,denticle,plate,,,,,,,,500.0,40.0,50.0,320173.066522,,2.641463,29.560421,28.190848,14.648394,7.611529,0.005582,0.005468,0.0,0.005468,2.033238,2.033238,2.0,-103537.365044,laminar-transitional,166.666667,4.08,moderate
C-SK-s500-o40,shark,denticle,sphere,,,,,,,,500.0,40.0,50.0,,136713.899405,2.889182,27.025911,30.834607,16.022132,8.325344,0.024513,0.014099,0.272198,0.286297,1.584281,41.601934,3.6,-124775.158491,separation-dominated,166.666667,4.08,moderate
C-SK-s100-o20-low,shark,denticle,plate,,,,,,,,100.0,20.0,1.0,6403.46133,,0.08504,918.18522,0.181517,0.094319,0.04901,0.014464,0.014553,0.0,0.014553,-0.616668,-0.616668,2.0,0.0,laminar,33.333333,4.78,low
C-SK-s100-o20-low,shark,denticle,sphere,,,,,,,,100.0,20.0,1.0,,2734.277988,0.097016,804.841687,0.20708,0.107602,0.055912,0.011676,0.011773,0.378352,0.390126,-0.613382,-0.235057,3.6,0.0,separation-dominated,33.333333,4.78,low
C-SK-s100-o20-low,shark,denticle,plate,,,,,,,,100.0,20.0,5.0,32017.306652,,0.342095,228.248875,0.730197,0.379422,0.197153,0.009362,0.009413,0.0,0.009413,-0.546142,-0.546142,2.0,0.0,laminar,33.333333,4.78,moderate
C-SK-s100-o20-low,shark,denticle,sphere,,,,,,,,100.0,20.0,5.0,,13671.389941,0.38203,204.389234,0.815438,0.423714,0.220168,0.013046,0.013141,0.422638,0.435779,-0.535186,-0.209958,3.6,0.0,separation-dominated,33.333333,4.78,moderate
C-SK-s100-o20-low,shark,denticle,plate,,,,,,,,100.0,20.0,10.0,64034.613304,,0.629421,124.0549,1.343491,0.698099,0.362743,0.007923,0.00796,0.0,0.00796,-0.467311,-0.467311,2.0,0.0,laminar,33.333333,4.78,moderate
C-SK-s100-o20-low,shark,denticle,sphere,,,,,,,,100.0,20.0,10.0,,27342.779881,0.697855,111.889674,1.489563,0.773999,0.402182,0.014108,0.014196,0.45697,0.471166,-0.448536,-0.192578,3.6,0.0,separation-dominated,33.333333,4.78,moderate
C-SK-s100-o20-low,shark,denticle,plate,,,,,,,,100.0,20.0,20.0,128069.226609,,1.16396,67.08374,2.484457,1.290962,0.670803,0.006774,0.006796,0.0,0.006796,-0.320655,-0.320655,2.0,0.0,laminar-transitional,33.333333,4.78,moderate
C-SK-s100-o20-low,shark,denticle,sphere,,,,,,,,100.0,20.0,20.0,,54685.559762,1.282384,60.888753,2.737232,1.422308,0.739053,0.01466,0.014726,0.474767,0.489493,-0.288164,-0.169099,3.6,0.0,separation-dominated,33.333333,4.78,moderate
C-SK-s100-o20-low,shark,denticle,plate,,,,,,,,100.0,20.0,50.0,320173.066522,,2.641463,29.560421,5.63817,2.929679,1.522306,0.005582,0.005577,0.0,0.005577,0.084715,0.084715,2.0,0.0,laminar-transitional,33.333333,4.78,moderate
C-SK-s100-o20-low,shark,denticle,sphere,,,,,,,,100.0,20.0,50.0,,136713.899405,2.889182,27.025911,6.166921,3.204426,1.665069,0.014708,0.014297,0.462964,0.47726,0.152679,2.649871,3.6,0.0,separation-dominated,33.333333,4.78,moderate
C-SK-s100-o20-high,shark,denticle,plate,,,,,,,,100.0,20.0,1.0,6403.46133,,0.08504,918.18522,0.181517,0.094319,0.04901,0.014464,0.014553,0.0,0.014553,-0.614747,-0.614747,2.0,0.0,laminar,33.333333,4.78,low
C-SK-s100-o20-high,shark,denticle,sphere,,,,,,,,100.0,20.0,1.0,,2734.277988,0.097016,804.841687,0.20708,0.107602,0.055912,0.011676,0.011773,0.378352,0.390125,-0.61119,-0.234991,3.6,0.0,separation-dominated,33.333333,4.78,low
C-SK-s100-o20-high,shark,denticle,plate,,,,,,,,100.0,20.0,5.0,32017.306652,,0.342095,228.248875,0.730197,0.379422,0.197153,0.009362,0.009413,0.0,0.009413,-0.538413,-0.538413,2.0,0.0,laminar,33.333333,4.78,moderate
C-SK-s100-o20-high,shark,denticle,sphere,,,,,,,,100.0,20.0,5.0,,13671.389941,0.38203,204.389234,0.815438,0.423714,0.220168,0.013046,0.01314,0.422638,0.435778,-0.526554,-0.209698,3.6,0.0,separation-dominated,33.333333,4.78,moderate
C-SK-s100-o20-high,shark,denticle,plate,,,,,,,,100.0,20.0,10.0,64034.613304,,0.629421,124.0549,1.343491,0.698099,0.362743,0.007923,0.007959,0.0,0.007959,-0.45309,-0.45309,2.0,0.0,laminar,33.333333,4.78,moderate
C-SK-s100-o20-high,shark,denticle,sphere,,,,,,,,100.0,20.0,10.0,,27342.779881,0.697855,111.889674,1.489563,0.773999,0.402182,0.014108,0.014194,0.45697,0.471164,-0.432768,-0.192104,3.6,0.0,separation-dominated,33.333333,4.78,moderate
C-SK-s100-o20-high,shark,denticle,plate,,,,,,,,100.0,20.0,20.0,128069.226609,,1.16396,67.08374,2.484457,1.290962,0.670803,0.006774,0.006794,0.0,0.006794,-0.294356,-0.294356,2.0,0.0,laminar-transitional,33.333333,4.78,moderate
C-SK-s100-o20-high,shark,denticle,sphere,,,,,,,,100.0,20.0,20.0,,54685.559762,1.282384,60.888753,2.737232,1.422308,0.739053,0.01466,0.014722,0.474767,0.489489,-0.259189,-0.168229,3.6,0.0,separation-dominated,33.333333,4.78,moderate
C-SK-s100-o20-high,shark,denticle,plate,,,,,,,,100.0,20.0,50.0,320173.066522,,2.641463,29.560421,5.63817,2.929679,1.522306,0.005582,0.005574,0.0,0.005574,0.144398,0.144398,2.0,0.0,laminar-transitional,33.333333,4.78,moderate
C-SK-s100-o20-high,shark,denticle,sphere,,,,,,,,100.0,20.0,50.0,,136713.899405,2.889182,27.025911,6.166921,3.204426,1.665069,0.014708,0.014287,0.462964,0.477251,0.217959,2.651778,3.6,0.0,separation-dominated,33.333333,4.78,moderate
C-SK-s200-o40-high,shark,denticle,plate,,,,,,,,200.0,40.0,1.0,6403.46133,,0.08504,918.18522,0.363035,0.188638,0.098019,0.014464,0.014525,0.0,0.014525,-0.423882,-0.423882,2.0,0.0,laminar,66.666667,4.48,low
C-SK-s200-o40-high,shark,denticle,sphere,,,,,,,,200.0,40.0,1.0,,2734.277988,0.097016,804.841687,0.41416,0.215204,0.111823,0.011676,0.011776,0.37917,0.390946,-0.415979,-0.445765,3.6,0.0,separation-dominated,66.666667,4.48,low
C-SK-s200-o40-high,shark,denticle,plate,,,,,,,,200.0,40.0,5.0,32017.306652,,0.342095,228.248875,1.460394,0.758843,0.394306,0.009362,0.009386,0.0,0.009386,-0.254251,-0.254251,2.0,0.0,laminar,66.666667,4.48,moderate
C-SK-s200-o40-high,shark,denticle,sphere,,,,,,,,200.0,40.0,5.0,,13671.389941,0.38203,204.389234,1.630875,0.847428,0.440336,0.013046,0.013126,0.423455,0.436582,-0.227898,-0.394596,3.6,0.0,separation-dominated,66.666667,4.48,moderate
C-SK-s200-o40-high,shark,denticle,plate,,,,,,,,200.0,40.0,10.0,64034.613304,,0.629421,124.0549,2.686982,1.396197,0.725485,0.007923,0.007929,0.0,0.007929,-0.064644,-0.064644,2.0,0.0,laminar,66.666667,4.48,moderate
C-SK-s200-o40-high,shark,denticle,sphere,,,,,,,,200.0,40.0,10.0,,27342.779881,0.697855,111.889674,2.979125,1.547999,0.804364,0.014108,0.014161,0.457784,0.471945,-0.019484,-0.358136,3.6,0.0,separation-dominated,66.666667,4.48,moderate
C-SK-s200-o40-high,shark,denticle,plate,,,,,,,,200.0,40.0,20.0,128069.226609,,1.16396,67.08374,4.968914,2.581923,1.341607,0.006774,0.006754,0.0,0.006754,0.288099,0.288099,2.0,0.0,laminar-transitional,66.666667,4.48,moderate
C-SK-s200-o40-high,shark,denticle,sphere,,,,,,,,200.0,40.0,20.0,,54685.559762,1.282384,60.888753,5.474465,2.844615,1.478105,0.01466,0.014647,0.475326,0.489973,0.366247,-0.267396,3.6,0.0,separation-dominated,66.666667,4.48,moderate
C-SK-s200-o40-high,shark,denticle,plate,,,,,,,,200.0,40.0,50.0,320173.066522,,2.641463,29.560421,11.276339,5.859358,3.044612,0.005582,0.005511,0.0,0.005511,1.263106,1.263106,2.0,0.0,laminar-transitional,66.666667,4.48,moderate
C-SK-s200-o40-high,shark,denticle,sphere,,,,,,,,200.0,40.0,50.0,,136713.899405,2.889182,27.025911,12.333843,6.408853,3.330138,0.014708,0.012695,0.4164,0.429095,1.426575,12.4745,3.6,0.0,separation-dominated,66.666667,4.48,moderate
D-HY-01,hybrid,v-groove+dimple,plate,100.0,50.0,0.5,2.0,0.05,hexagonal,20.0,,,1.0,6403.46133,,0.08504,918.18522,0.544552,0.272276,0.490097,0.014464,0.014486,4e-05,0.014527,-0.155505,-0.435505,4.0,0.0,laminar,50.0,4.6,low
D-HY-01,hybrid,v-groove+dimple,sphere,100.0,50.0,0.5,2.0,0.05,hexagonal,20.0,,,1.0,,2734.277988,0.097016,804.841687,0.62124,0.31062,0.559116,0.011676,0.011805,0.381192,0.392997,-0.135104,-0.972827,5.6,0.0,separation-dominated,50.0,4.6,low
D-HY-01,hybrid,v-groove+dimple,plate,100.0,50.0,0.5,2.0,0.05,hexagonal,20.0,,,5.0,32017.306652,,0.342095,228.248875,2.190591,1.095296,1.971532,0.009362,0.009335,2.6e-05,0.009361,0.293103,0.013103,4.0,0.0,laminar,50.0,4.6,low
D-HY-01,hybrid,v-groove+dimple,sphere,100.0,50.0,0.5,2.0,0.05,hexagonal,20.0,,,5.0,,13671.389941,0.38203,204.389234,2.446313,1.223156,2.201682,0.013046,0.013111,0.425477,0.438588,0.365077,-0.855876,5.6,0.0,separation-dominated,50.0,4.6,low
D-HY-01,hybrid,v-groove+dimple,plate,100.0,50.0,0.5,2.0,0.05,hexagonal,20.0,,,10.0,64034.613304,,0.629421,124.0549,4.030474,2.015237,3.627426,0.007923,0.007858,2.2e-05,0.007881,0.81998,0.53998,4.0,0.0,laminar,50.0,4.6,low
D-HY-01,hybrid,v-groove+dimple,sphere,100.0,50.0,0.5,2.0,0.05,hexagonal,20.0,,,10.0,,27342.779881,0.697855,111.889674,4.468688,2.234344,4.021819,0.014108,0.014085,0.459777,0.473862,0.947356,-0.765794,5.6,0.0,separation-dominated,50.0,4.6,low
D-HY-01,hybrid,v-groove+dimple,plate,100.0,50.0,0.5,2.0,0.05,hexagonal,20.0,,,20.0,128069.226609,,1.16396,67.08374,7.453371,3.726686,6.708034,0.006774,0.006651,1.9e-05,0.00667,1.813137,1.533137,4.0,-72942.815111,laminar-transitional,50.0,4.6,low
D-HY-01,hybrid,v-groove+dimple,sphere,100.0,50.0,0.5,2.0,0.05,hexagonal,20.0,,,20.0,,54685.559762,1.282384,60.888753,8.211697,4.105849,7.390527,0.01466,0.014404,0.475394,0.489799,2.030466,-0.231657,5.6,-96465.925944,separation-dominated,50.0,4.6,low
D-HY-01,hybrid,v-groove+dimple,plate,100.0,50.0,0.5,2.0,0.05,hexagonal,20.0,,,50.0,320173.066522,,2.641463,29.560421,16.914509,8.457254,15.223058,0.005582,0.005335,1.6e-05,0.00535,4.430509,4.150509,4.0,-252757.470079,laminar-transitional,50.0,4.6,low
D-HY-01,hybrid,v-groove+dimple,sphere,100.0,50.0,0.5,2.0,0.05,hexagonal,20.0,,,50.0,,136713.899405,2.889182,27.025911,18.500764,9.250382,16.650688,0.024513,0.014384,0.28723,0.301614,4.854525,38.477697,5.6,-269060.451504,separation-dominated,50.0,4.6,low
D-HY-02,hybrid,v-groove+dimple,plate,100.0,50.0,0.5,2.0,0.05,hexagonal,40.0,,,1.0,6403.46133,,0.08504,918.18522,0.544552,0.272276,0.490097,0.014464,0.01453,8.1e-05,0.014611,-0.455444,-1.015444,4.0,0.0,laminar,50.0,4.6,low
D-HY-02,hybrid,v-groove+dimple,sphere,100.0,50.0,0.5,2.0,0.05,hexagonal,40.0,,,1.0,,2734.277988,0.097016,804.841687,0.62124,0.31062,0.559116,0.011676,0.011888,0.382707,0.394594,-0.434995,-1.383226,5.6,0.0,separation-dominated,50.0,4.6,low
D-HY-02,hybrid,v-groove+dimple,plate,100.0,50.0,0.5,2.0,0.05,hexagonal,40.0,,,5.0,32017.306652,,0.342095,228.248875,2.190591,1.095296,1.971532,0.009362,0.009362,5.2e-05,0.009415,0.002122,-0.557878,4.0,0.0,laminar,50.0,4.6,low
D-HY-02,hybrid,v-groove+dimple,sphere,100.0,50.0,0.5,2.0,0.05,hexagonal,40.0,,,5.0,,13671.389941,0.38203,204.389234,2.446313,1.223156,2.201682,0.013046,0.013196,0.426991,0.440187,0.077177,-1.223572,5.6,0.0,separation-dominated,50.0,4.6,low
D-HY-02,hybrid,v-groove+dimple,plate,100.0,50.0,0.5,2.0,0.05,hexagonal,40.0,,,10.0,64034.613304,,0.629421,124.0549,4.030474,2.015237,3.627426,0.007923,0.007879,4.4e-05,0.007924,0.557863,-0.002137,4.0,0.0,laminar,50.0,4.6,low
D-HY-02,hybrid,v-groove+dimple,sphere,100.0,50.0,0.5,2.0,0.05,hexagonal,40.0,,,10.0,,27342.779881,0.697855,111.889674,4.468688,2.234344,4.021819,0.014108,0.014166,0.461247,0.475413,0.693513,-1.095696,5.6,0.0,separation-dominated,50.0,4.6,low
D-HY-02,hybrid,v-groove+dimple,plate,100.0,50.0,0.5,2.0,0.05,hexagonal,40.0,,,20.0,128069.226609,,1.16396,67.08374,7.453371,3.726686,6.708034,0.006774,0.006665,3.8e-05,0.006703,1.614328,1.054328,4.0,-72942.815111,laminar-transitional,50.0,4.6,low
D-HY-02,hybrid,v-groove+dimple,sphere,100.0,50.0,0.5,2.0,0.05,hexagonal,40.0,,,20.0,,54685.559762,1.282384,60.888753,8.211697,4.105849,7.390527,0.01466,0.014387,0.473927,0.488314,1.84368,0.072086,5.6,-96465.925944,separation-dominated,50.0,4.6,low
D-HY-02,hybrid,v-groove+dimple,plate,100.0,50.0,0.5,2.0,0.05,hexagonal,40.0,,,50.0,320173.066522,,2.641463,29.560421,16.914509,8.457254,15.223058,0.005582,0.005341,3.1e-05,0.005372,4.311979,3.751979,4.0,-252757.470079,laminar-transitional,50.0,4.6,low
D-HY-02,hybrid,v-groove+dimple,sphere,100.0,50.0,0.5,2.0,0.05,hexagonal,40.0,,,50.0,,136713.899405,2.889182,27.025911,18.500764,9.250382,16.650688,0.024513,0.012392,0.247155,0.259546,4.738477,47.058517,5.6,-269060.451504,separation-dominated,50.0,4.6,low
D-HY-03,hybrid,blade+dimple,plate,100.0,50.0,0.5,2.0,0.05,hexagonal,20.0,,,1.0,6403.46133,,0.08504,918.18522,0.544552,0.375307,0.490097,0.014464,0.014457,4e-05,0.014497,0.047329,-0.232671,4.0,0.0,laminar,50.0,4.6,low
D-HY-03,hybrid,blade+dimple,sphere,100.0,50.0,0.5,2.0,0.05,hexagonal,20.0,,,1.0,,2734.277988,0.097016,804.841687,0.62124,0.42816,0.559116,0.011676,0.011778,0.381192,0.39297,0.096295,-0.965818,5.6,0.0,separation-dominated,50.0,4.6,low
D-HY-03,hybrid,blade+dimple,plate,100.0,50.0,0.5,2.0,0.05,hexagonal,20.0,,,5.0,32017.306652,,0.342095,228.248875,2.190591,1.509761,1.971532,0.009362,0.009258,2.6e-05,0.009285,1.109051,0.829051,4.0,0.0,laminar,50.0,4.6,low
D-HY-03,hybrid,blade+dimple,sphere,100.0,50.0,0.5,2.0,0.05,hexagonal,20.0,,,5.0,,13671.389941,0.38203,204.389234,2.446313,1.686005,2.201682,0.013046,0.012991,0.425477,0.438468,1.276276,-0.828303,5.6,0.0,separation-dominated,50.0,4.6,low
D-HY-03,hybrid,blade+dimple,plate,100.0,50.0,0.5,2.0,0.05,hexagonal,20.0,,,10.0,64034.613304,,0.629421,124.0549,4.030474,2.777812,3.627426,0.007923,0.007739,2.2e-05,0.007762,2.321243,2.041243,4.0,0.0,laminar,50.0,4.6,low
D-HY-03,hybrid,blade+dimple,sphere,100.0,50.0,0.5,2.0,0.05,hexagonal,20.0,,,10.0,,27342.779881,0.697855,111.889674,4.468688,3.07983,4.021819,0.014108,0.013848,0.459777,0.473625,2.611845,-0.715463,5.6,0.0,separation-dominated,50.0,4.6,low
D-HY-03,hybrid,blade+dimple,plate,100.0,50.0,0.5,2.0,0.05,hexagonal,20.0,,,20.0,128069.226609,,1.16396,67.08374,7.453371,5.136881,6.708034,0.006774,0.006463,1.9e-05,0.006482,4.589356,4.309356,4.0,-72942.815111,laminar-transitional,50.0,4.6,low
D-HY-03,hybrid,blade+dimple,sphere,100.0,50.0,0.5,2.0,0.05,hexagonal,20.0,,,20.0,,54685.559762,1.282384,60.888753,8.211697,5.659522,7.390527,0.01466,0.013955,0.475394,0.489349,5.089145,-0.139628,5.6,-96465.925944,separation-dominated,50.0,4.6,low
D-HY-03,hybrid,blade+dimple,plate,100.0,50.0,0.5,2.0,0.05,hexagonal,20.0,,,50.0,320173.066522,,2.641463,29.560421,16.914509,11.657521,15.223058,0.005582,0.005056,1.6e-05,0.005072,9.415399,9.135399,4.0,-252757.470079,laminar-transitional,50.0,4.6,low
D-HY-03,hybrid,blade+dimple,sphere,100.0,50.0,0.5,2.0,0.05,hexagonal,20.0,,,50.0,,136713.899405,2.889182,27.025911,18.500764,12.750772,16.650688,0.024513,0.013803,0.28723,0.301034,8.692292,38.596038,5.6,-269060.451504,separation-dominated,50.0,4.6,low
D-HY-04,hybrid,blade+dimple,plate,100.0,50.0,0.5,1.0,0.1,hexagonal,40.0,,,1.0,6403.46133,,0.08504,918.18522,0.544552,0.375307,0.490097,0.014464,0.0145,0.000324,0.014824,-0.25268,-2.49268,4.0,0.0,laminar,50.0,4.6,low
D-HY-04,hybrid,blade+dimple,sphere,100.0,50.0,0.5,1.0,0.1,hexagonal,40.0,,,1.0,,2734.277988,0.097016,804.841687,0.62124,0.42816,0.559116,0.011676,0.01186,0.382707,0.394567,-0.203721,-1.376193,5.6,0.0,separation-dominated,50.0,4.6,low
D-HY-04,hybrid,blade+dimple,plate,100.0,50.0,0.5,1.0,0.1,hexagonal,40.0,,,5.0,32017.306652,,0.342095,228.248875,2.190591,1.509761,1.971532,0.009362,0.009287,0.00021,0.009496,0.807753,-1.432247,4.0,0.0,laminar,50.0,4.6,low
D-HY-04,hybrid,blade+dimple,sphere,100.0,50.0,0.5,1.0,0.1,hexagonal,40.0,,,5.0,,13671.389941,0.38203,204.389234,2.446313,1.686005,2.201682,0.013046,0.013077,0.426991,0.440068,0.974534,-1.196321,5.6,0.0,separation-dominated,50.0,4.6,low
D-HY-04,hybrid,blade+dimple,plate,100.0,50.0,0.5,1.0,0.1,hexagonal,40.0,,,10.0,64034.613304,,0.629421,124.0549,4.030474,2.777812,3.627426,0.007923,0.007764,0.000177,0.007941,2.015792,-0.224208,4.0,0.0,laminar,50.0,4.6,low
D-HY-04,hybrid,blade+dimple,sphere,100.0,50.0,0.5,1.0,0.1,hexagonal,40.0,,,10.0,,27342.779881,0.697855,111.889674,4.468688,3.07983,4.021819,0.014108,0.013937,0.461247,0.475183,2.305202,-1.046806,5.6,0.0,separation-dominated,50.0,4.6,low
D-HY-04,hybrid,blade+dimple,plate,100.0,50.0,0.5,1.0,0.1,hexagonal,40.0,,,20.0,128069.226609,,1.16396,67.08374,7.453371,5.136881,6.708034,0.006774,0.006484,0.000152,0.006636,4.274794,2.034794,4.0,-72942.815111,laminar-transitional,50.0,4.6,low
D-HY-04,hybrid,blade+dimple,sphere,100.0,50.0,0.5,1.0,0.1,hexagonal,40.0,,,20.0,,54685.559762,1.282384,60.888753,8.211697,5.659522,7.390527,0.01466,0.013958,0.473927,0.487885,4.772852,0.159946,5.6,-96465.925944,separation-dominated,50.0,4.6,low
D-HY-04,hybrid,blade+dimple,plate,100.0,50.0,0.5,1.0,0.1,hexagonal,40.0,,,50.0,320173.066522,,2.641463,29.560421,16.914509,11.657521,15.223058,0.005582,0.005075,0.000125,0.0052,9.089284,6.849284,4.0,-252757.470079,laminar-transitional,50.0,4.6,low
D-HY-04,hybrid,blade+dimple,sphere,100.0,50.0,0.5,1.0,0.1,hexagonal,40.0,,,50.0,,136713.899405,2.889182,27.025911,18.500764,12.750772,16.650688,0.024513,0.01192,0.247155,0.259074,8.365819,47.154764,5.6,-269060.451504,separation-dominated,50.0,4.6,low
D-HY-05,hybrid,v-groove+dimple,plate,200.0,100.0,0.5,5.0,0.05,staggered,40.0,,,1.0,6403.46133,,0.08504,918.18522,1.089105,0.544552,1.225243,0.014464,0.014508,8.1e-05,0.014589,-0.306398,-0.866398,4.0,0.0,laminar,100.0,4.3,low
D-HY-05,hybrid,v-groove+dimple,sphere,200.0,100.0,0.5,5.0,0.05,staggered,40.0,,,1.0,,2734.277988,0.097016,804.841687,1.24248,0.62124,1.39779,0.011676,0.012108,0.390465,0.402573,-0.263184,-3.43316,5.6,0.0,separation-dominated,100.0,4.3,low
D-HY-05,hybrid,v-groove+dimple,plate,200.0,100.0,0.5,5.0,0.05,staggered,40.0,,,5.0,32017.306652,,0.342095,228.248875,4.381183,2.190591,4.92883,0.009362,0.009296,5.2e-05,0.009348,0.708164,0.148164,4.0,0.0,laminar,100.0,4.3,low
D-HY-05,hybrid,v-groove+dimple,sphere,200.0,100.0,0.5,5.0,0.05,staggered,40.0,,,5.0,,13671.389941,0.38203,204.389234,4.892626,2.446313,5.504204,0.013046,0.013329,0.43474,0.448069,0.870738,-3.036168,5.6,-24000.095883,separation-dominated,100.0,4.3,low
D-HY-05,hybrid,v-groove+dimple,plate,200.0,100.0,0.5,5.0,0.05,staggered,40.0,,,10.0,64034.613304,,0.629421,124.0549,8.060947,4.030474,9.068566,0.007923,0.007777,4.4e-05,0.007822,1.846046,1.286046,4.0,-144597.74152,laminar,100.0,4.3,low
D-HY-05,hybrid,v-groove+dimple,sphere,200.0,100.0,0.5,5.0,0.05,staggered,40.0,,,10.0,,27342.779881,0.697855,111.889674,8.937375,4.468688,10.054547,0.014108,0.01418,0.468357,0.482538,2.10441,-2.610681,5.6,-167874.432477,separation-dominated,100.0,4.3,low
D-HY-05,hybrid,v-groove+dimple,plate,200.0,100.0,0.5,5.0,0.05,staggered,40.0,,,20.0,128069.226609,,1.16396,67.08374,14.906742,7.453371,16.770085,0.006774,0.006519,3.8e-05,0.006557,3.764021,3.204021,4.0,-270327.031125,laminar-transitional,100.0,4.3,low
D-HY-05,hybrid,v-groove+dimple,sphere,200.0,100.0,0.5,5.0,0.05,staggered,40.0,,,20.0,,54685.559762,1.282384,60.888753,16.423394,8.211697,18.476318,0.01466,0.013185,0.444858,0.458043,4.167328,6.266723,5.6,-287019.416955,separation-dominated,100.0,4.3,low
D-HY-05,hybrid,v-groove+dimple,plate,200.0,100.0,0.5,5.0,0.05,staggered,40.0,,,50.0,320173.066522,,2.641463,29.560421,33.829018,16.914509,38.057645,0.005582,0.005439,3.1e-05,0.00547,2.566396,2.006396,4.096954,-383876.60248,laminar-transitional,100.0,4.3,low
D-HY-05,hybrid,v-groove+dimple,sphere,200.0,100.0,0.5,5.0,0.05,staggered,40.0,,,50.0,,136713.899405,2.889182,27.025911,37.001528,18.500764,41.626719,0.024513,0.011446,0.220966,0.232412,1.579003,52.593248,5.6,-392765.347225,separation-dominated,100.0,4.3,low
D-HY-06,hybrid,blade+dimple,plate,200.0,100.0,0.5,5.0,0.1,hexagonal,60.0,,,1.0,6403.46133,,0.08504,918.18522,1.089105,0.750614,2.450486,0.014464,0.01449,0.000486,0.014976,-0.179062,-3.539062,4.0,0.0,laminar,100.0,4.3,low
D-HY-06,hybrid,blade+dimple,sphere,200.0,100.0,0.5,5.0,0.1,hexagonal,60.0,,,1.0,,2734.277988,0.097016,804.841687,1.24248,0.856321,2.795581,0.011676,0.012665,0.409208,0.421873,-0.071516,-8.391812,5.6,0.0,separation-dominated,100.0,4.3,low
D-HY-06,hybrid,blade+dimple,plate,200.0,100.0,0.5,5.0,0.1,hexagonal,60.0,,,5.0,32017.306652,,0.342095,228.248875,4.381183,3.019522,9.857661,0.009362,0.009162,0.000315,0.009477,2.139887,-1.220113,4.0,-163473.271748,laminar,100.0,4.3,low
D-HY-06,hybrid,blade+dimple,sphere,200.0,100.0,0.5,5.0,0.1,hexagonal,60.0,,,5.0,,13671.389941,0.38203,204.389234,4.892626,3.372009,11.008408,0.013046,0.013675,0.453411,0.467086,2.485071,-7.409197,5.6,-187664.124561,separation-dominated,100.0,4.3,low
D-HY-06,hybrid,blade+dimple,plate,200.0,100.0,0.5,5.0,0.1,hexagonal,60.0,,,10.0,64034.613304,,0.629421,124.0549,8.060947,5.555624,18.137131,0.007923,0.007563,0.000266,0.007829,4.548096,1.188096,4.0,-283897.150344,laminar,100.0,4.3,low
D-HY-06,hybrid,blade+dimple,sphere,200.0,100.0,0.5,5.0,0.1,hexagonal,60.0,,,10.0,,27342.779881,0.697855,111.889674,8.937375,6.159661,20.109094,0.014108,0.014141,0.481838,0.495979,5.104658,-5.469007,5.6,-300868.961682,separation-dominated,100.0,4.3,low
D-HY-06,hybrid,blade+dimple,plate,200.0,100.0,0.5,5.0,0.1,hexagonal,60.0,,,20.0,128069.226609,,1.16396,67.08374,14.906742,10.273763,33.54017,0.006774,0.006175,0.000228,0.006402,8.848017,5.488017,4.0,-370265.230753,laminar-transitional,100.0,4.3,low
D-HY-06,hybrid,blade+dimple,sphere,200.0,100.0,0.5,5.0,0.1,hexagonal,60.0,,,20.0,,54685.559762,1.282384,60.888753,16.423394,11.319043,36.952637,0.01466,0.009827,0.349077,0.358904,8.980098,26.55443,5.6,-380817.980474,separation-dominated,100.0,4.3,low
D-HY-06,hybrid,blade+dimple,plate,200.0,100.0,0.5,5.0,0.1,hexagonal,60.0,,,50.0,320173.066522,,2.641463,29.560421,33.829018,23.315041,76.11529,0.005582,0.005656,0.000188,0.005843,-1.324489,-4.684489,4.814771,-438359.339796,laminar-transitional,100.0,4.3,low
D-HY-06,hybrid,blade+dimple,sphere,200.0,100.0,0.5,5.0,0.1,hexagonal,60.0,,,50.0,,136713.899405,2.889182,27.025911,37.001528,25.501543,83.253438,0.024513,0.013591,0.252626,0.266217,-2.217297,45.697856,5.6,-443344.983079,separation-dominated,100.0,4.3,low
D-HY-07,hybrid,scalloped+dimple,plate,50.0,25.0,0.5,1.0,0.05,hexagonal,20.0,,,1.0,6403.46133,,0.08504,918.18522,0.272276,0.149132,0.245049,0.014464,0.014495,4e-05,0.014536,-0.217072,-0.497072,4.0,0.0,laminar,25.0,5.9,low
D-HY-07,hybrid,scalloped+dimple,sphere,50.0,25.0,0.5,1.0,0.05,hexagonal,20.0,,,1.0,,2734.277988,0.097016,804.841687,0.31062,0.170134,0.279558,0.011676,0.011757,0.379363,0.39112,-0.205391,-0.490559,5.6,0.0,separation-dominated,25.0,5.9,low
D-HY-07,hybrid,scalloped+dimple,plate,50.0,25.0,0.5,1.0,0.05,hexagonal,20.0,,,5.0,32017.306652,,0.342095,228.248875,1.095296,0.599918,0.985766,0.009362,0.009359,2.6e-05,0.009385,0.03495,-0.24505,4.0,0.0,laminar,25.0,5.9,low
D-HY-07,hybrid,scalloped+dimple,sphere,50.0,25.0,0.5,1.0,0.05,hexagonal,20.0,,,5.0,,13671.389941,0.38203,204.389234,1.223156,0.66995,1.100841,0.013046,0.013093,0.423648,0.436741,0.074539,-0.43125,5.6,0.0,separation-dominated,25.0,5.9,low
D-HY-07,hybrid,scalloped+dimple,plate,50.0,25.0,0.5,1.0,0.05,hexagonal,20.0,,,10.0,64034.613304,,0.629421,124.0549,2.015237,1.103791,1.813713,0.007923,0.007898,2.2e-05,0.00792,0.323416,0.043416,4.0,0.0,laminar,25.0,5.9,low
D-HY-07,hybrid,scalloped+dimple,sphere,50.0,25.0,0.5,1.0,0.05,hexagonal,20.0,,,10.0,,27342.779881,0.697855,111.889674,2.234344,1.223801,2.010909,0.014108,0.014108,0.457975,0.472084,0.39334,-0.387705,5.6,0.0,separation-dominated,25.0,5.9,low
D-HY-07,hybrid,scalloped+dimple,plate,50.0,25.0,0.5,1.0,0.05,hexagonal,20.0,,,20.0,128069.226609,,1.16396,67.08374,3.726686,2.04119,3.354017,0.006774,0.006714,1.9e-05,0.006733,0.878626,0.598626,4.0,0.0,laminar-transitional,25.0,5.9,low
D-HY-07,hybrid,scalloped+dimple,sphere,50.0,25.0,0.5,1.0,0.05,hexagonal,20.0,,,20.0,,54685.559762,1.282384,60.888753,4.105849,2.248866,3.695264,0.01466,0.014556,0.47542,0.489976,1.003506,-0.26791,5.6,0.0,separation-dominated,25.0,5.9,low
D-HY-07,hybrid,scalloped+dimple,plate,50.0,25.0,0.5,1.0,0.05,hexagonal,20.0,,,50.0,320173.066522,,2.641463,29.560421,8.457254,4.632229,7.611529,0.005582,0.005446,1.6e-05,0.005462,2.433478,2.153478,4.0,-103537.365044,laminar-transitional,25.0,5.9,low
D-HY-07,hybrid,scalloped+dimple,sphere,50.0,25.0,0.5,1.0,0.05,hexagonal,20.0,,,50.0,,136713.899405,2.889182,27.025911,9.250382,5.066643,8.325344,0.014708,0.012115,0.40253,0.414645,2.689938,15.421967,5.6,-124775.158491,separation-dominated,25.0,5.9,low
D-HY-08,hybrid,blade+dimple,plate,50.0,25.0,0.5,0.5,0.05,square,40.0,,,1.0,6403.46133,,0.08504,918.18522,0.272276,0.187653,0.122524,0.014464,0.014525,8.1e-05,0.014606,-0.426377,-0.986377,4.0,0.0,laminar,25.0,5.9,low
D-HY-08,hybrid,blade+dimple,sphere,50.0,25.0,0.5,0.5,0.05,square,40.0,,,1.0,,2734.277988,0.097016,804.841687,0.31062,0.21408,0.139779,0.011676,0.011763,0.378827,0.390591,-0.401926,-0.354598,5.6,0.0,separation-dominated,25.0,5.9,low
D-HY-08,hybrid,blade+dimple,plate,50.0,25.0,0.5,0.5,0.05,square,40.0,,,5.0,32017.306652,,0.342095,228.248875,1.095296,0.75488,0.492883,0.009362,0.009353,5.2e-05,0.009406,0.098566,-0.461434,4.0,0.0,laminar,25.0,5.9,low
D-HY-08,hybrid,blade+dimple,sphere,50.0,25.0,0.5,0.5,0.05,square,40.0,,,5.0,,13671.389941,0.38203,204.389234,1.223156,0.843002,0.55042,0.013046,0.013062,0.423113,0.436175,0.180177,-0.301111,5.6,0.0,separation-dominated,25.0,5.9,low
D-HY-08,hybrid,blade+dimple,plate,50.0,25.0,0.5,0.5,0.05,square,40.0,,,10.0,64034.613304,,0.629421,124.0549,2.015237,1.388906,0.906857,0.007923,0.007869,4.4e-05,0.007913,0.686552,0.126552,4.0,0.0,laminar,25.0,5.9,low
D-HY-08,hybrid,blade+dimple,sphere,50.0,25.0,0.5,0.5,0.05,square,40.0,,,10.0,,27342.779881,0.697855,111.889674,2.234344,1.539915,1.005455,0.014108,0.014031,0.457443,0.471474,0.826946,-0.258022,5.6,0.0,separation-dominated,25.0,5.9,low
D-HY-08,hybrid,blade+dimple,plate,50.0,25.0,0.5,0.5,0.05,square,40.0,,,20.0,128069.226609,,1.16396,67.08374,3.726686,2.568441,1.677008,0.006774,0.006653,3.8e-05,0.006691,1.787801,1.227801,4.0,0.0,laminar-transitional,25.0,5.9,low
D-HY-08,hybrid,blade+dimple,sphere,50.0,25.0,0.5,0.5,0.05,square,40.0,,,20.0,,54685.559762,1.282384,60.888753,4.105849,2.829761,1.847632,0.01466,0.014396,0.475122,0.489518,2.033236,-0.174276,5.6,0.0,separation-dominated,25.0,5.9,low
D-HY-08,hybrid,blade+dimple,plate,50.0,25.0,0.5,0.5,0.05,square,40.0,,,50.0,320173.066522,,2.641463,29.560421,8.457254,5.82876,3.805764,0.005582,0.00531,3.1e-05,0.005341,4.876031,4.316031,4.0,0.0,laminar-transitional,25.0,5.9,low
D-HY-08,hybrid,blade+dimple,sphere,50.0,25.0,0.5,0.5,0.05,square,40.0,,,50.0,,136713.899405,2.889182,27.025911,9.250382,6.375386,4.162672,0.014708,0.012849,0.439168,0.452017,5.396884,7.798912,5.6,0.0,separation-dominated,25.0,5.9,low
D-HY-09,hybrid,v-groove+dimple,plate,500.0,250.0,0.5,5.0,0.2,hexagonal,60.0,,,1.0,6403.46133,,0.08504,918.18522,2.722762,1.361381,4.900972,0.014464,0.014487,0.001944,0.016431,-0.163308,-13.603308,4.0,0.0,laminar,250.0,4.0,low
D-HY-09,hybrid,v-groove+dimple,sphere,500.0,250.0,0.5,5.0,0.2,hexagonal,60.0,,,1.0,,2734.277988,0.097016,804.841687,3.106201,1.5531,5.591162,0.011676,0.013643,0.440881,0.454524,-0.058367,-16.781016,5.6,-27908.254993,separation-dominated,250.0,4.0,low
D-HY-09,hybrid,v-groove+dimple,plate,500.0,250.0,0.5,5.0,0.2,hexagonal,60.0,,,5.0,32017.306652,,0.342095,228.248875,10.952957,5.476478,19.715322,0.009362,0.009171,0.001258,0.010429,2.046043,-11.393957,4.0,-297696.341764,laminar,250.0,4.0,low
D-HY-09,hybrid,v-groove+dimple,sphere,500.0,250.0,0.5,5.0,0.2,hexagonal,60.0,,,5.0,,13671.389941,0.38203,204.389234,12.231564,6.115782,22.016815,0.013046,0.014636,0.484788,0.499424,2.384307,-14.845471,5.6,-314930.07353,separation-dominated,250.0,4.0,low
D-HY-09,hybrid,v-groove+dimple,plate,500.0,250.0,0.5,5.0,0.2,hexagonal,60.0,,,10.0,64034.613304,,0.629421,124.0549,20.152368,10.076184,36.274263,0.007923,0.007569,0.001065,0.008634,4.47502,-8.96498,4.0,-378859.131753,laminar,250.0,4.0,low
D-HY-09,hybrid,v-groove+dimple,sphere,500.0,250.0,0.5,5.0,0.2,hexagonal,60.0,,,10.0,,27342.779881,0.697855,111.889674,22.343438,11.171719,40.218188,0.014108,0.014557,0.493925,0.508483,4.705001,-8.12785,5.6,-389425.026165,separation-dominated,250.0,4.0,low
D-HY-09,hybrid,v-groove+dimple,plate,500.0,250.0,0.5,5.0,0.2,hexagonal,60.0,,,20.0,128069.226609,,1.16396,67.08374,37.266855,18.633428,67.080339,0.006774,0.00671,0.00091,0.007621,0.942842,-12.497158,4.28973,-430632.956698,laminar-transitional,250.0,4.0,low
D-HY-09,hybrid,v-groove+dimple,sphere,500.0,250.0,0.5,5.0,0.2,hexagonal,60.0,,,20.0,,54685.559762,1.282384,60.888753,41.058486,20.529243,73.905274,0.01466,0.010591,0.34143,0.35202,-0.294942,27.963062,5.6,-436632.879543,separation-dominated,250.0,4.0,low
D-HY-09,hybrid,v-groove+dimple,plate,500.0,250.0,0.5,5.0,0.2,hexagonal,60.0,,,50.0,320173.066522,,2.641463,29.560421,84.572544,42.286272,152.230579,0.005582,0.005925,0.00075,0.006675,-6.143369,-19.583369,6.942386,-468199.570153,laminar-transitional,250.0,4.0,low
D-HY-09,hybrid,v-groove+dimple,sphere,500.0,250.0,0.5,5.0,0.2,hexagonal,60.0,,,50.0,,136713.899405,2.889182,27.025911,92.50382,46.25191,166.506875,0.024513,0.017743,0.314173,0.331916,-7.300962,32.296786,5.6,-470846.649764,separation-dominated,250.0,4.0,low
D-HY-10,hybrid,u-groove+dimple,plate,100.0,100.0,1.0,2.0,0.1,staggered,80.0,,,1.0,6403.46133,,0.08504,918.18522,0.544552,0.444736,0.980194,0.014464,0.014607,0.000648,0.015255,-0.991051,-5.471051,4.0,0.0,laminar,100.0,4.3,low
D-HY-10,hybrid,u-groove+dimple,sphere,100.0,100.0,1.0,2.0,0.1,staggered,80.0,,,1.0,,2734.277988,0.097016,804.841687,0.62124,0.507367,1.118232,0.011676,0.012245,0.392164,0.404409,-0.960742,-3.904877,5.6,0.0,separation-dominated,100.0,4.3,low
D-HY-10,hybrid,u-groove+dimple,plate,100.0,100.0,1.0,2.0,0.1,staggered,80.0,,,5.0,32017.306652,,0.342095,228.248875,2.190591,1.789057,3.943064,0.009362,0.009388,0.000419,0.009808,-0.278692,-4.758692,4.0,0.0,laminar,100.0,4.3,low
D-HY-10,hybrid,u-groove+dimple,sphere,100.0,100.0,1.0,2.0,0.1,staggered,80.0,,,5.0,,13671.389941,0.38203,204.389234,2.446313,1.997905,4.403363,0.013046,0.01352,0.436436,0.449956,-0.161917,-3.470019,5.6,0.0,separation-dominated,100.0,4.3,low
D-HY-10,hybrid,u-groove+dimple,plate,100.0,100.0,1.0,2.0,0.1,staggered,80.0,,,10.0,64034.613304,,0.629421,124.0549,4.030474,3.291691,7.254853,0.007923,0.00788,0.000355,0.008235,0.553048,-3.926952,4.0,-91998.353553,laminar,100.0,4.3,low
D-HY-10,hybrid,u-groove+dimple,sphere,100.0,100.0,1.0,2.0,0.1,staggered,80.0,,,10.0,,27342.779881,0.697855,111.889674,4.468688,3.64958,8.043638,0.014108,0.014422,0.469805,0.484227,0.745124,-2.969868,5.6,-116671.351803,separation-dominated,100.0,4.3,low
D-HY-10,hybrid,u-groove+dimple,plate,100.0,100.0,1.0,2.0,0.1,staggered,80.0,,,20.0,128069.226609,,1.16396,67.08374,7.453371,6.087173,13.416068,0.006774,0.00664,0.000303,0.006943,1.981928,-2.498072,4.0,-228497.958867,laminar-transitional,100.0,4.3,low
D-HY-10,hybrid,u-groove+dimple,sphere,100.0,100.0,1.0,2.0,0.1,staggered,80.0,,,20.0,,54685.559762,1.282384,60.888753,8.211697,6.706499,14.781055,0.01466,0.013145,0.434945,0.44809,2.280555,8.303526,5.6,-247232.892667,separation-dominated,100.0,4.3,low
D-HY-10,hybrid,u-groove+dimple,plate,100.0,100.0,1.0,2.0,0.1,staggered,80.0,,,50.0,320173.066522,,2.641463,29.560421,16.914509,13.814091,30.446116,0.005582,0.005409,0.00025,0.005659,3.089322,-1.390678,4.0,-358940.820883,laminar-transitional,100.0,4.3,low
D-HY-10,hybrid,u-groove+dimple,sphere,100.0,100.0,1.0,2.0,0.1,staggered,80.0,,,50.0,,136713.899405,2.889182,27.025911,18.500764,15.109586,33.301375,0.024513,0.011434,0.22281,0.234244,2.498135,52.219695,5.6,-369456.383868,separation-dominated,100.0,4.3,low
E-SMOOTH,baseline,smooth,plate,,,,,,,,,,1.0,6403.46133,,0.08504,918.18522,,,0.0,0.014464,0.014464,0.0,0.014464,0.0,0.0,0.0,0.0,laminar,,0.0,low
E-SMOOTH,baseline,smooth,sphere,,,,,,,,,,1.0,,2734.277988,0.097016,804.841687,,,0.0,0.011676,0.011676,0.377534,0.389211,0.0,0.0,0.0,0.0,separation-dominated,,0.0,low
E-SMOOTH,baseline,smooth,plate,,,,,,,,,,5.0,32017.306652,,0.342095,228.248875,,,0.0,0.009362,0.009362,0.0,0.009362,0.0,0.0,0.0,0.0,laminar,,0.0,high
E-SMOOTH,baseline,smooth,sphere,,,,,,,,,,5.0,,13671.389941,0.38203,204.389234,,,0.0,0.013046,0.013046,0.42182,0.434866,0.0,0.0,0.0,0.0,separation-dominated,,0.0,high
E-SMOOTH,baseline,smooth,plate,,,,,,,,,,10.0,64034.613304,,0.629421,124.0549,,,0.0,0.007923,0.007923,0.0,0.007923,0.0,0.0,0.0,0.0,laminar,,0.0,high
E-SMOOTH,baseline,smooth,sphere,,,,,,,,,,10.0,,27342.779881,0.697855,111.889674,,,0.0,0.014108,0.014108,0.456153,0.470261,0.0,0.0,0.0,0.0,separation-dominated,,0.0,high
E-SMOOTH,baseline,smooth,plate,,,,,,,,,,20.0,128069.226609,,1.16396,67.08374,,,0.0,0.006774,0.006774,0.0,0.006774,0.0,0.0,0.0,0.0,laminar-transitional,,0.0,high
E-SMOOTH,baseline,smooth,sphere,,,,,,,,,,20.0,,54685.559762,1.282384,60.888753,,,0.0,0.01466,0.01466,0.474006,0.488666,0.0,0.0,0.0,0.0,separation-dominated,,0.0,high
E-SMOOTH,baseline,smooth,plate,,,,,,,,,,50.0,320173.066522,,2.641463,29.560421,,,0.0,0.005582,0.005582,0.0,0.005582,0.0,0.0,0.0,0.0,laminar-transitional,,0.0,high
E-SMOOTH,baseline,smooth,sphere,,,,,,,,,,50.0,,136713.899405,2.889182,27.025911,,,0.0,0.014708,0.014708,0.475544,0.490251,0.0,0.0,0.0,0.0,separation-dominated,,0.0,high
